-- MySQL dump 10.13  Distrib 5.5.29, for debian-linux-gnu (x86_64)
--
-- Host: localhost    Database: anime
-- ------------------------------------------------------
-- Server version	5.5.29-0ubuntu0.12.04.2

/*!40101 SET @OLD_CHARACTER_SET_CLIENT=@@CHARACTER_SET_CLIENT */;
/*!40101 SET @OLD_CHARACTER_SET_RESULTS=@@CHARACTER_SET_RESULTS */;
/*!40101 SET @OLD_COLLATION_CONNECTION=@@COLLATION_CONNECTION */;
/*!40101 SET NAMES utf8 */;
/*!40103 SET @OLD_TIME_ZONE=@@TIME_ZONE */;
/*!40103 SET TIME_ZONE='+00:00' */;
/*!40014 SET @OLD_UNIQUE_CHECKS=@@UNIQUE_CHECKS, UNIQUE_CHECKS=0 */;
/*!40014 SET @OLD_FOREIGN_KEY_CHECKS=@@FOREIGN_KEY_CHECKS, FOREIGN_KEY_CHECKS=0 */;
/*!40101 SET @OLD_SQL_MODE=@@SQL_MODE, SQL_MODE='NO_AUTO_VALUE_ON_ZERO' */;
/*!40111 SET @OLD_SQL_NOTES=@@SQL_NOTES, SQL_NOTES=0 */;

--
-- Table structure for table `anime`
--

DROP TABLE IF EXISTS `anime`;
/*!40101 SET @saved_cs_client     = @@character_set_client */;
/*!40101 SET character_set_client = utf8 */;
CREATE TABLE `anime` (
  `id` int(11) NOT NULL AUTO_INCREMENT,
  `title` varchar(30) COLLATE utf8_unicode_ci NOT NULL,
  `title_jp` varchar(30) COLLATE utf8_unicode_ci NOT NULL,
  `official_url` varchar(100) COLLATE utf8_unicode_ci NOT NULL,
  `syoboi_id` varchar(5) COLLATE utf8_unicode_ci NOT NULL,
  `first_bc` datetime NOT NULL,
  `current_progress` int(11) NOT NULL,
  `total_eps` int(11) NOT NULL,
  `last_update` datetime NOT NULL,
  `comment` text COLLATE utf8_unicode_ci NOT NULL,
  PRIMARY KEY (`id`)
) ENGINE=MyISAM AUTO_INCREMENT=158 DEFAULT CHARSET=utf8 COLLATE=utf8_unicode_ci;
/*!40101 SET character_set_client = @saved_cs_client */;

--
-- Dumping data for table `anime`
--

LOCK TABLES `anime` WRITE;
/*!40000 ALTER TABLE `anime` DISABLE KEYS */;
INSERT INTO `anime` VALUES (1,'七色星露','ななついろ★ドロップス','http://www.nanatsuiro.com/','1090','2007-07-03 01:40:00',12,12,'2007-10-04 17:28:24',''),(4,'幸運星','らき☆すた','http://www.lucky-ch.com/','1102','2007-04-08 20:00:00',24,24,'2007-10-03 03:10:02',''),(5,'瀨戶的新娘','瀬戸の花嫁','http://www.setonohanayome.com/','1130','2007-04-02 02:12:00',26,26,'2007-10-08 02:25:06',''),(6,'藍蘭島漂流記','ながされて藍蘭島','http://www.starchild.co.jp/special/airantou/','1084','2007-04-05 01:20:00',26,26,'2007-10-10 03:11:02',''),(19,'Comic Party','こみっくパーティー','','','2001-04-02 11:11:11',0,13,'2007-08-14 02:15:32',''),(10,'戀愛情結','ラブ★コン','http://www.toei-anim.co.jp/tv/lovecom/','1114','2007-04-07 17:30:00',24,24,'2007-10-09 20:12:03',''),(20,'變身公主','プリンセス・プリンセス','http://www.pri-pri.jp/','829','2006-04-06 03:10:00',12,12,'2007-08-17 01:54:41',''),(14,'桃華月憚','桃華月憚','http://www.avexmovie.jp/lineup/momotsuki/','1125','2007-04-03 01:30:00',26,26,'2007-10-21 13:32:55',''),(15,'學園烏托邦  學美向前衝','がくえんゆーとぴあ まなびストレート！','http://www.ufotable.com/manabi/','748','2007-01-08 01:30:00',12,12,'2007-08-07 20:21:26',''),(16,'旋風管家','ハヤテのごとく！','http://hayatenogotoku.com/','1133','2007-04-01 10:00:00',52,52,'2008-04-14 23:45:38',''),(17,'萌單','もえたん','http://www.ink-chan.com/','1175','2007-07-09 01:30:00',12,12,'2008-01-17 22:10:20',''),(21,'Kanon(京都動畫版)','Kanon','http://www.bs-i.co.jp/anime/kanon/','910','2006-10-06 01:00:00',24,24,'2007-08-14 02:21:57',''),(22,'魔法老師','ネギま!?','http://www.tv-tokyo.co.jp/anime/negima/','990','2006-10-04 17:30:00',0,26,'2007-08-14 02:24:17',''),(23,'SHUFFLE! MEMORIES','SHUFFLE! MEMORIES','http://www.shuffle-tv.com/','1044','2007-01-08 00:00:00',12,12,'2007-08-14 02:25:34',''),(24,'月面兔兵器米娜','月面兎兵器ミーナ','http://www.mi-na.jp/','1049','2007-01-14 02:15:00',11,11,'2007-08-14 02:26:45',''),(25,'舞-乙HiME','舞-乙HiME','http://www.my-zhime.net/tv/main.html','684','2005-10-07 01:40:00',26,26,'2007-08-14 02:28:29',''),(26,'妹妹公主','シスター・プリンセス','http://www.starchild.co.jp/special/sispri/index.html','459','2001-04-01 01:01:01',26,26,'2008-06-04 16:22:40',''),(27,'麻辣教師GTO','GTO','','','1999-06-06 06:06:06',0,43,'2007-11-27 09:45:56',''),(28,'女子高生','女子高生 GIRL\'S-HIGH','http://www.girls-high.net/','749','2006-04-04 01:30:00',12,12,'2007-08-14 02:35:01',''),(29,'戀愛小魔女','ウルトラマニアック','http://www.starchild.co.jp/special/urumani/','37','2003-05-20 22:00:00',26,26,'2007-08-14 02:36:11',''),(30,'秀逗魔導士','スレイヤーズ','','','1995-04-07 07:07:07',0,26,'2008-08-29 15:56:00',''),(31,'妹妹公主RePure','シスター・プリンセス RePure','http://www.starchild.co.jp/special/repure/index.html','458','2002-10-01 01:01:01',13,13,'2008-06-04 16:21:47',''),(32,'男女蹺蹺板','彼氏彼女の事情','','','1998-10-02 02:02:02',0,25,'2008-08-29 16:10:40',''),(33,'xxxHOLiC','xxxHOLiC','http://www.tbs.co.jp/holic/','745','2006-04-07 01:25:00',24,24,'2007-08-14 02:44:09',''),(34,'少女愛上姊姊','乙女はお姉さまに恋してる','http://www.starchild.co.jp/special/otome/index.html','737','2006-10-08 00:30:00',12,12,'2007-08-14 02:47:03',''),(35,'真珠美人魚','マーメイドメロディー ぴちぴちピッチ♪','http://www.tv-aichi.co.jp/pichi/','39','2003-04-05 08:00:00',52,52,'2008-02-10 21:45:34',''),(36,'真珠美人魚','マーメイドメロディー ぴちぴちピッチ ピュア','http://www.tv-aichi.co.jp/pichi/index.html','383','2004-04-03 08:00:00',39,39,'2008-07-12 18:15:49',''),(37,'Puri Puri Poemi','ぷにぷに☆ぽえみぃ','http://www.jvcmusic.co.jp/m-serve/poemi/','533','0000-00-00 00:00:00',2,2,'2007-08-14 15:36:41',''),(38,'涼宮春日的憂鬱','涼宮ハルヒの憂鬱','http://www.haruhi.tv/','840','2006-04-03 00:00:00',14,14,'2007-08-14 15:36:47',''),(39,'女生愛女生','かしまし～ガール・ミーツ・ガール～','http://kasimasi.com/','691','2006-01-12 01:30:00',12,12,'2007-08-14 12:30:13',''),(40,'舞-HiME','舞-HiME','http://www.sunrise-inc.co.jp/my-hime/','407','2004-09-09 09:09:09',26,26,'2008-09-23 17:38:44',''),(41,'Fate/stay night','Fate/stay night','http://www.staynight.com/','663','2006-01-07 01:30:00',24,24,'2007-08-25 06:53:15',''),(42,'夢幻遊戲','ふしぎ遊戯','http://pierrot.jp/title/fushigi/','1215','1995-04-06 06:06:06',52,52,'2008-08-29 16:07:51',''),(43,'東京貓貓','東京ミュウミュウ','http://www.tv-aichi.co.jp/mewmew/','179','2002-04-06 08:00:00',52,52,'2007-08-14 12:36:23',''),(44,'魔法少女奈葉A\'s','魔法少女リリカルなのはA\'s','http://www.nanoha.com/archive2/index.html','665','2005-10-02 01:35:00',0,13,'2007-08-14 12:38:35',''),(45,'灼眼的夏娜','灼眼のシャナ','http://www.shakugan.com/','667','2005-10-06 00:45:00',20,24,'2007-12-07 11:21:14',''),(46,'秋之回憶2','メモリスーオフ　セカンド','','','0000-00-00 00:00:00',3,3,'2007-08-14 12:42:03',''),(47,'亂馬1/2','らんま１／２','','','1989-04-04 04:04:04',162,162,'2008-08-29 16:06:49',''),(48,'秋之回憶','メモリスーオフ','','','0000-00-00 00:00:00',3,3,'2007-08-14 12:43:35',''),(49,'秋之回憶 3.5 回憶的彼方','Memories Off 3.5 想い出の彼方へ','','','0000-00-00 00:00:00',2,2,'2007-08-14 12:45:21',''),(50,'秋之回憶 3.5 傳遞祈願的時刻','Memories Off 3.5 祈りの届く刻…','','','0000-00-00 00:00:00',2,2,'2007-08-14 12:45:54',''),(51,'幻影天使','フルーツバスケット','http://www.tv-tokyo.co.jp/fruits_basket/','213','2001-07-05 18:00:00',0,26,'2007-08-14 12:48:03',''),(52,'SHUFFLE!','SHUFFLE!','http://www.shuffle-tv.com/','628','2005-07-08 00:30:00',24,24,'2007-08-14 12:50:03',''),(53,'魔法少女奈葉','魔法少女リリカルなのは','http://www.nanoha.com/archive/index.html','508','2004-10-03 00:30:00',0,13,'2007-08-14 16:35:11',''),(54,'Chobits','ちょびっツ','http://www.tbs.co.jp/chobits/','73','2002-04-04 04:04:04',26,26,'2007-11-11 05:10:28',''),(55,'夢幻拉拉','魔法のステージ・ファンシーララ','','','1998-04-04 04:04:04',26,26,'2008-08-29 16:05:06',''),(56,'神風怪盜','神風怪盗 ジャンヌ','','','1999-02-13 13:13:13',44,44,'2008-08-29 16:03:33',''),(57,'下級生(TV版)','下級生','','','1999-07-01 01:01:01',13,13,'2008-08-29 16:02:21',''),(58,'變裝遊戲','こすぷれCOMPLEX','','','0000-00-00 00:00:00',3,3,'2007-08-14 13:04:07',''),(59,'魔法美少女','マジカノ','http://www.magikano.com/','757','2006-01-04 01:30:00',13,13,'2007-08-14 13:06:02',''),(60,'庫洛魔法使','カードキャプターさくら','http://www.nhk-ep.com/chara/sakura/','371','1998-04-07 18:00:00',70,70,'2008-08-29 16:01:16',''),(61,'美少女戰士','美少女戦士セーラームーン','http://sailormoon.channel.or.jp/','','1992-03-07 07:07:07',46,46,'2008-08-29 15:59:31',''),(62,'美少女戰士','美少女戦士セーラームーンR','http://sailormoon.channel.or.jp/','','1993-03-06 06:06:06',43,43,'2008-08-29 15:59:12',''),(63,'美少女戰士','美少女戦士セーラームーンS','http://sailormoon.channel.or.jp/','','1994-03-19 19:19:19',38,38,'2008-08-29 15:58:17',''),(64,'美少女戰士','美少女戦士セーラームーンSupers','http://sailormoon.channel.or.jp/','','1995-03-04 04:04:04',39,39,'2008-08-29 15:58:37',''),(65,'美少女戰士','美少女戦士セーラームーン セーラースターズ','http://sailormoon.channel.or.jp/','','1996-03-09 09:09:09',34,34,'2008-08-29 15:57:54',''),(66,'青澀寶貝','センチメンタルジャーニー','','','1998-04-08 08:08:08',12,12,'2008-08-29 15:56:54',''),(67,'藍天下的約定','この青空に約束を―～ようこそつぐみ寮へ～','http://www.konnyaku.tv/','1149','2007-04-04 02:45:00',13,13,'2007-08-14 14:44:17',''),(68,'魔法騎士','魔法騎士レイアース','http://www.tms-e.com/library/old/tv/data/t_reyearth.html','1040','1994-10-17 17:17:17',0,49,'2007-11-27 09:47:48',''),(69,'鐵子之旅','鉄子の旅','http://tetsuko.jp/','1180','2007-06-24 10:00:00',2,13,'2008-03-29 14:53:25',''),(70,'馬鈴薯沙拉','ぽてまよ','http://www.potemayo.com/','1111','2007-07-07 01:30:00',12,12,'2007-09-30 00:00:27',''),(71,'秀逗魔導士','スレイヤーズNEXT','','','1996-04-05 05:05:05',0,26,'2008-08-29 15:54:33',''),(72,'秀逗魔導士','スレイヤーズTRY','','','1997-04-04 04:04:04',0,26,'2008-08-29 15:53:58',''),(73,'電腦線圈','電脳コイル','http://www3.nhk.or.jp/anime/coil/','1028','2007-05-02 18:30:00',26,26,'2008-03-09 22:28:39',''),(74,'School Days','School Days','http://www.schooldays-anime.com/','1187','2007-07-04 02:15:00',12,12,'2007-09-30 19:04:23',''),(75,'ef - a tale of memories.','ef - a tale of memories.','http://www.ef-memo.com/','1228','2007-10-06 01:35:00',0,12,'2007-09-22 01:58:46',''),(76,'萌少女的戀愛時光','こどものじかん','http://www.kojika-anime.com/','1212','2007-10-11 02:00:00',12,12,'2008-02-08 18:18:27',''),(77,'君吻 pure rouge','キミキス pure rouge','http://www.kimikiss-pure-rouge.jp/','1240','2007-10-06 02:55:00',24,24,'2008-04-10 00:07:46',''),(78,'請別憂愁了二之宮同學','ご愁傷さま二ノ宮くん','http://pc.webnt.jp/ninomiya/','1255','2007-10-04 01:30:00',12,12,'2008-01-02 00:19:33',''),(79,'素描簿 ～full color\'s～','スケッチブック ～full color\'s～','http://www.sketch-full.net/','1231','2007-10-02 02:00:00',0,13,'2007-09-22 01:56:27',''),(80,'Comic Party Revolution','こみっくパーティー Revolution','http://www.comicparty-r.com/','589','2005-04-05 02:15:00',0,13,'2007-08-19 21:24:23',''),(81,'Happiness!','はぴねす！','http://www.mmv.co.jp/special/happiness-anime/www/index.html','1005','2006-10-06 01:55:00',12,12,'2008-10-07 14:22:02',''),(82,'翼','ツバサ・クロニクル','http://www3.nhk.or.jp/anime/tsubasa/main.html','563','2005-04-09 18:30:00',26,26,'2007-08-25 07:49:03',''),(83,'CLANNAD','CLANNAD','http://www.tbs.co.jp/clannad/','1225','2007-10-05 02:25:00',22,22,'2008-08-18 23:21:09',''),(89,'Myself;Yourself','Myself;Yourself','http://www.anime-myyour.com/','1243','2007-10-03 02:15:00',13,13,'2008-02-05 00:46:03',''),(85,'歡迎加入NHK','N・H・Kにようこそ！','http://www.kadokawa.co.jp/hikky/','916','2006-07-10 01:00:00',24,24,'2007-09-20 03:41:13',''),(86,'AIR','AIR','http://www.tbs.co.jp/anime/air/','443','2005-01-07 00:30:00',0,12,'2007-09-12 16:58:54',''),(87,'萌少女的戀愛時光(OVA)','こどものじかん','http://www.kojika-anime.com/','','2007-09-09 09:09:09',1,1,'2007-09-16 21:13:39',''),(88,'初音島','D.C.～ダ・カーポ','http://www.hatsunejima.com/dc/index.html','88','2003-07-06 00:45:00',26,26,'2007-12-28 00:30:27',''),(91,'守護甜心','しゅごキャラ！','http://shugo-chara.com/','1233','2007-10-06 09:30:00',51,51,'2008-11-18 00:17:58',''),(118,'瑪莉亞狂熱','まりあ†ほりっく','http://www.mariaholic.com/','1532','2009-01-05 00:30:00',12,12,'2009-03-29 19:56:49',''),(92,'灼眼的夏娜2','灼眼のシャナII','http://www.shakugan.com/','1222','2007-10-05 01:55:00',0,24,'2007-10-28 02:30:28',''),(93,'美少女戰士實寫版','美少女戦士セーラームーン(実写版)','http://hicbc.com/tv/sailormoon/main.htm','140','2003-10-04 07:30:00',49,49,'2007-11-11 05:05:30',''),(94,'電車男','電車男','http://www.fujitv.co.jp/denshaotoko/index.html','676','2005-07-07 22:00:00',12,12,'2007-11-11 05:07:23',''),(95,'初音島','D.C.S.S. ～ダ・カーポ セカンドシーズン～','http://www.hatsunejima.com/dcss/','642','2005-07-03 00:30:00',0,26,'2007-12-28 02:27:25',''),(96,'南家三姊妹','みなみけ','http://www.starchild.co.jp/special/minami-ke/1/index.html','1249','2007-10-08 01:30:00',13,13,'2008-01-09 00:53:06',''),(97,'南家三姊妹再來一碗','みなみけ～おかわり～','http://www.starchild.co.jp/special/minami-ke/2/index.html','1311','2008-01-07 02:12:00',13,13,'2008-05-24 19:29:44',''),(98,'狼與香辛料','狼と香辛料','http://www.spicy-wolf.com/','1310','2008-01-09 01:30:00',0,13,'2008-03-08 11:46:13',''),(99,'十字架與吸血鬼','ロザリオとバンパイア','http://www.rosa-vam.com/','1297','2008-01-03 23:30:00',8,13,'2008-06-14 11:04:46',''),(100,'全力兔','全力ウサギ','http://www.zenryoku-usagi.com/','1266','2008-01-05 08:30:00',21,39,'2009-09-06 23:29:43',''),(101,'你是主人我是僕','君が主で執事が俺で','http://kimiaru.jp/','1309','2008-01-06 02:00:00',13,13,'2008-07-20 15:57:17',''),(102,'學園烏托邦 學美向前衝 OVA','がくえんゆーとぴあ まなびストレート！','','','2007-10-10 00:00:00',1,1,'2008-03-02 21:04:27',''),(103,'xxxHOLiC繼','xxxHOLiC◆継','http://www.tbs.co.jp/holic/','1347','2008-04-04 01:59:00',0,24,'2008-04-05 09:53:33',''),(104,'我的狐仙女友','かのこん','http://www.kanokon.com/','1350','2008-04-05 10:30:00',12,12,'2008-10-30 00:22:18',''),(105,'楚楚可憐超能少女組','絶対可憐チルドレン','http://www.z-child.com/','1361','2008-04-06 10:00:00',12,51,'2009-07-14 23:38:53',''),(106,'乃木坂春香的秘密','乃木坂春香の秘密','http://www.nogizaka-haruka.com/','1423','2008-07-04 02:00:00',12,12,'2008-10-16 19:54:03',''),(108,'Keroro軍曹','ケロロ軍曹','http://www.tv-tokyo.co.jp/contents/keroro/','357','2004-04-03 10:00:00',43,227,'2009-07-28 23:31:30',''),(109,'戀姬無雙','恋姫†無双','http://www.mmv.co.jp/special/koihime/','1433','2008-07-09 02:00:00',12,12,'2009-05-29 22:05:31',''),(110,'H2O沙中足跡','H2O ～FOOTPRINTS IN THE SAND～','http://anime.webnt.jp/h2o/','1315','2008-01-04 01:30:00',12,12,'2009-03-12 15:13:30',''),(111,'薔薇少女','ローゼンメイデン','http://www.tbs.co.jp/rozen-maiden/part1/index-j.html','444','2004-10-08 02:10:00',12,12,'2008-09-20 21:59:34',''),(112,'薔薇少女彷如夢境','ローゼンメイデン トロイメント','http://www.tbs.co.jp/rozen-maiden/part2/index-j.html','627','2005-10-21 01:55:00',12,12,'2008-09-23 20:22:14',''),(113,'守護甜心\r\n','しゅごキャラ!!どきっ','http://shugo-chara.com/','1510','2008-10-04 09:30:00',6,51,'2008-11-29 23:38:12',''),(114,'薔薇少女序曲','ローゼンメイデン オーベルテューレ','http://www.tbs.co.jp/rozen-maiden/','1066','2006-12-12 12:12:12',2,2,'2008-09-23 21:20:41',''),(115,'神薙','かんなぎ','http://www.nagisama-fc.com/anime/','1486','2008-10-04 22:30:00',13,13,'2009-04-05 19:50:13',''),(116,'今天的五年二班','今日の5の2','http://mv.avex.jp/5-2/index.html','','0000-00-00 00:00:00',4,4,'2008-10-11 19:09:10',''),(117,'虎與龍','とらドラ！','http://www.starchild.co.jp/special/toradora/','1471','2008-10-02 01:20:00',25,25,'2009-04-04 12:05:16',''),(119,'出包王女','To LOVEる -とらぶる-','http://www.tbs.co.jp/anime/to-love-ru/','1352','2008-04-04 02:29:00',10,26,'2010-08-22 22:25:20',''),(120,'K-ON!輕音部','けいおん!','http://www.tbs.co.jp/anime/k-on/','1597','2009-04-03 02:09:00',12,12,'2009-07-12 21:29:04',''),(121,'旋風管家','ハヤテのごとく!!','http://hayatenogotoku.com/index.html','1591','2009-04-04 01:23:00',25,25,'2009-09-25 21:53:22',''),(122,'天才麻將少女','咲-Saki-','http://www.saki-anime.com/','1592','2009-04-06 02:00:00',25,25,'2009-10-26 22:57:31',''),(123,'南家三姊妹歡迎回來','みなみけ おかえり','http://www.starchild.co.jp/special/minami-ke/3/','1538','2009-01-05 01:30:00',13,13,'2009-06-18 20:45:07',''),(124,'零之使魔','ゼロの使い魔','http://www.zero-tsukaima.com/zero/index.html','890','2006-07-03 01:20:00',13,13,'2009-06-27 17:26:11',''),(125,'零之使魔 雙月騎士','ゼロの使い魔 ～双月の騎士～','http://www.zero-tsukaima.com/zero2/','1120','2007-07-09 00:45:00',12,12,'2009-08-08 18:42:49',''),(126,'寒蟬鳴泣之時','ひぐらしのなく頃に','http://www.oyashirosama.com/web/top/index.htm','705','2006-04-05 02:35:00',13,26,'2010-05-20 19:42:56',''),(127,'魔力充電娘','ファイト一発!充電ちゃん','http://mv.avex.jp/juden-chan/','1660','2009-06-25 08:00:00',2,12,'2009-07-12 15:11:27',''),(128,'公主戀人','プリンセスラバー！','http://www.prilover.tv/index.html','1682','2009-07-06 01:30:00',10,12,'2010-06-07 10:44:30',''),(129,'零之使魔 三美姬的輪舞','ゼロの使い魔 ～三美姫の輪舞～','http://www.zero-tsukaima.com/','1415','2008-07-07 01:30:00',12,12,'2009-09-18 21:57:54',''),(130,'乃木坂春香的秘密Purezza','乃木坂春香の秘密 ぴゅあれっつぁ♪','http://www.nogizaka-haruka.com/','1742','2009-10-06 02:29:00',12,12,'2010-02-21 01:40:21',''),(131,'肯普法','けんぷファー','http://www.starchild.co.jp/special/kenpu/','1717','2009-10-02 01:49:00',12,12,'2010-01-17 16:29:12',''),(132,'學生會的一存','生徒会の一存 碧陽学園生徒会議事録','http://newtype.kadocomic.jp/seitokai/index.html','1747','2009-10-03 01:58:00',12,12,'2010-02-06 11:53:02',''),(133,'輕聲密語','ささめきこと','http://www.sasameki.com/','1704','2009-10-08 02:20:00',13,13,'2010-02-09 16:52:27',''),(134,'笨蛋，測驗，召喚獸','バカとテストと召喚獣','http://www.bakatest.com/','1795','2010-01-07 02:50:00',13,13,'2010-04-24 17:17:22',''),(135,'CLANNAD ～AFTER STORY～','CLANNAD ～AFTER STORY～','http://www.tbs.co.jp/clannad/','1462','2008-10-03 01:59:00',22,22,'2010-05-08 23:36:46',''),(136,'迷糊餐廳','WORKING!!','http://www.wagnaria.com/','1885','2010-04-04 22:30:00',13,13,'2010-08-22 22:25:18',''),(137,'現視研','げんしけん','http://www.genshiken.info/','473','2004-10-11 00:00:00',12,12,'2010-05-16 18:40:17',''),(138,'現視研OVA','げんしけん','http://www.genshiken.info/index.html','1288','2006-12-22 22:22:22',3,3,'2010-05-17 14:16:15',''),(139,'現視研2','げんしけん2','http://www.genshiken.info/','1218','2007-10-10 01:30:00',12,12,'2010-05-19 14:36:43',''),(140,'Angel Beats!','Angel Beats!','http://www.angelbeats.jp/','1896','2010-04-03 02:25:00',13,13,'2010-11-01 15:27:24',''),(141,'魔法禁書目錄','とある魔術の禁書目録','http://project-index.net/','1487','2008-10-05 01:35:00',6,24,'2010-12-09 22:51:41',''),(142,'不平衡抽籤','くじびきアンバランス','http://www.kujian.info/','775','2005-12-29 03:30:00',3,3,'2010-11-01 15:27:25',''),(143,'不平衡抽籤','くじびき♥アンバランス','http://www.kujian.info/','948','2006-10-07 00:00:00',12,12,'2010-12-09 23:16:36',''),(144,'妄想學生會','生徒会役員共','http://www.starchild.co.jp/special/seitokai/','1953','2010-07-04 00:30:00',13,13,'2010-11-20 17:59:17',''),(145,'我的妹妹怎麼可能那麼可愛','俺の妹がこんなに可愛いわけがない','http://www.oreimo-anime.com/','2034','2010-10-03 23:30:00',12,12,'2011-03-06 23:48:38',''),(146,'K-ON!輕音部二期','けいおん!!','http://www.tbs.co.jp/anime/k-on/','1882','2010-04-07 01:29:00',26,26,'2011-05-03 09:57:08',''),(147,'魔法少女小圓','魔法少女まどか☆マギカ','http://www.madoka-magica.com/','2077','2011-01-07 01:25:00',3,12,'2011-06-22 14:09:38',''),(155,'電波女與青春男','電波女と青春男','http://www.starchild.co.jp/special/denpa/','2137','2011-04-15 02:10:00',12,12,'0000-00-00 00:00:00',''),(152,'男子高校生的日常','男子高校生の日常','http://www.danshinichijyo.net/','2386','2012-01-10 02:00:00',12,12,'0000-00-00 00:00:00',''),(153,'企鵝娘','ペンギン娘はぁと','http://pen-musu.jp/','1380','2008-04-19 12:00:00',22,22,'0000-00-00 00:00:00',''),(154,'便當','ベン・トー','http://ben-to.net/','2275','2011-10-09 02:20:00',12,12,'0000-00-00 00:00:00',''),(156,'輕鬆百合','ゆるゆり','http://yuruyuri.com/1st/','2193','2011-07-05 02:00:00',12,12,'0000-00-00 00:00:00','');
/*!40000 ALTER TABLE `anime` ENABLE KEYS */;
UNLOCK TABLES;

--
-- Table structure for table `cchat_com_summary`
--

DROP TABLE IF EXISTS `cchat_com_summary`;
/*!40101 SET @saved_cs_client     = @@character_set_client */;
/*!40101 SET character_set_client = utf8 */;
CREATE TABLE `cchat_com_summary` (
  `id` int(11) NOT NULL AUTO_INCREMENT,
  `item` varchar(10) NOT NULL,
  `count` int(11) NOT NULL,
  PRIMARY KEY (`id`)
) ENGINE=MyISAM DEFAULT CHARSET=utf8;
/*!40101 SET character_set_client = @saved_cs_client */;

--
-- Dumping data for table `cchat_com_summary`
--

LOCK TABLES `cchat_com_summary` WRITE;
/*!40000 ALTER TABLE `cchat_com_summary` DISABLE KEYS */;
/*!40000 ALTER TABLE `cchat_com_summary` ENABLE KEYS */;
UNLOCK TABLES;

--
-- Table structure for table `character`
--

DROP TABLE IF EXISTS `character`;
/*!40101 SET @saved_cs_client     = @@character_set_client */;
/*!40101 SET character_set_client = utf8 */;
CREATE TABLE `character` (
  `id` int(11) NOT NULL AUTO_INCREMENT,
  `character` varchar(50) NOT NULL,
  `title` int(11) NOT NULL,
  `seiyuu` int(11) NOT NULL,
  `comment` varchar(50) NOT NULL,
  PRIMARY KEY (`id`)
) ENGINE=MyISAM AUTO_INCREMENT=1131 DEFAULT CHARSET=utf8;
/*!40101 SET character_set_client = @saved_cs_client */;

--
-- Dumping data for table `character`
--

LOCK TABLES `character` WRITE;
/*!40000 ALTER TABLE `character` DISABLE KEYS */;
INSERT INTO `character` VALUES (1,'泉此方',3,1,''),(2,'涼宮春日',5,1,''),(3,'結城諾娜',2,6,''),(4,'秋姬李子',2,8,''),(5,'石蕗正晴',2,9,''),(6,'小雪',2,10,''),(7,'渡良瀨準',6,8,''),(8,'八重野撫子',2,11,''),(9,'如月夏芽',2,12,''),(10,'松田',2,13,''),(11,'柊鏡',3,2,''),(12,'柊司',3,3,''),(13,'月野兔',7,14,''),(14,'小日向絲茉茉',6,10,''),(15,'神崎真由',36,6,''),(16,'水越真子',22,6,''),(17,'咲夜',8,6,''),(18,'宮小路瑞穗',9,15,''),(19,'御門真理亞',9,16,''),(20,'鈴木由真',31,16,''),(21,'法洛',11,16,''),(22,'朵魯妲',11,17,''),(23,'古河渚',12,17,''),(24,'兒玉響',13,16,''),(25,'北原那由多',13,18,''),(26,'西澤步',10,18,''),(27,'三千院凪',10,19,''),(28,'夏娜',14,19,''),(29,'星乃結美',15,20,''),(30,'八代菜菜香',16,20,''),(31,'柊鏡',17,20,''),(32,'水澤摩央',15,21,''),(33,'西澤桃華',18,21,''),(34,'梓夜凪砂',19,21,''),(35,'南燕',13,21,''),(36,'麻宮雅典娜',20,21,''),(37,'咲野明日夏',15,22,''),(38,'藤林杏',12,22,''),(39,'泉此方',17,22,''),(40,'錢形巡',64,22,''),(41,'二見瑛理子',15,23,''),(42,'瑪莉亞',10,23,''),(43,'洞院莉娜',1,24,''),(44,'杉並',22,25,''),(45,'堂本海斗',1,25,''),(46,'七海露亞',1,26,''),(47,'寶生波音',1,27,''),(48,'青野月音',23,25,''),(49,'小津修司',13,25,''),(50,'小波',1,28,''),(51,'濱崎雅宏',1,29,''),(52,'白井渚',1,30,''),(53,'小真',1,30,''),(54,'七城那波',24,31,''),(55,'愛澤咲夜',10,31,''),(56,'遠坂凜',25,31,''),(57,'大佛彈',26,31,''),(58,'沙羅',1,31,''),(59,'內田',27,32,''),(60,'九重凜',28,32,''),(61,'森山素直',29,32,''),(62,'犬飼真琴',30,32,''),(63,'不知火明乃',21,32,''),(64,'星羅',1,32,''),(65,'天城米兒',1,33,''),(66,'將‧噗',26,33,''),(67,'天城理人',1,34,''),(68,'相原一輝',15,34,''),(69,'滿潮永澄',21,34,''),(70,'下高谷孝則',31,34,''),(71,'米凱爾',1,35,''),(72,'白金稜(小時候)',32,35,''),(73,'秀秀',1,36,''),(74,'咪咪',1,37,''),(75,'間桐櫻',25,37,''),(76,'姬川舞香',33,37,''),(77,'諾威爾',1,38,''),(78,'香蓮',1,39,''),(79,'可可',1,40,''),(80,'斯諾佩(鳥居美冬的守護甜心)',33,40,''),(81,'蝙蝠小姐',1,41,''),(82,'柏曈學姊',34,41,''),(83,'尾久崎晶',35,41,''),(84,'瑪莉亞',1,41,''),(85,'古代人類的使者',1,41,''),(86,'陵祈',13,41,''),(87,'蘭花',1,42,''),(88,'阿拉拉',1,43,''),(89,'妮可',1,44,''),(90,'瀧夫人',1,45,''),(91,'伊姿爾',1,46,''),(92,'艾莉爾',1,6,''),(93,'鶴屋',5,6,''),(94,'悠莉',1,47,''),(95,'提留留',7,47,''),(96,'平野綾',3,1,''),(97,'涼宮春日',3,1,''),(98,'後藤邑子',3,48,''),(99,'杉田店員',3,49,''),(100,'朝比奈實玖瑠',5,48,''),(101,'阿虛',5,49,''),(102,'上杉鍊',37,50,''),(103,'兄澤命斗',3,50,''),(104,'北川潤',38,50,''),(105,'楯祐一',35,50,''),(106,'新保弘',39,50,''),(107,'木之本桃矢',40,50,''),(108,'井宿',41,50,''),(109,'攻兒',41,50,''),(110,'ANIMATE店長',10,50,''),(111,'久遠寺森羅',37,51,''),(112,'九軒向日葵',42,51,''),(113,'千影',8,51,''),(114,'桂雛菊',10,51,''),(115,'甲州翠怜',43,51,''),(116,'上條沙耶',6,51,''),(117,'久遠寺未有',37,48,''),(118,'芙蓉楓',44,48,''),(119,'高島一子',9,48,''),(120,'阿部魔王',10,48,''),(121,'久遠寺夢',37,52,''),(122,'朱子',37,53,''),(123,'耶魯',33,53,''),(124,'白雪',45,53,''),(125,'上杉美鳩',37,54,''),(126,'藤村靜',46,54,''),(127,'普莉姆拉',44,54,''),(128,'御薙鈴莉',6,54,''),(129,'小鐵',47,54,''),(943,'雪野原鞠愛',24,355,''),(131,'九鬼揚羽',37,23,''),(132,'大佐',37,56,''),(133,'武田小十郎',37,57,''),(134,'卡君',48,57,''),(135,'橫見浩彥',49,57,''),(136,'飛影',50,57,''),(137,'斗宿',41,57,''),(138,'清原千春',37,58,''),(139,'デニーロ',37,59,''),(140,'稻村圭子',37,60,''),(141,'アナスタシア',37,61,''),(142,'上杉巌',37,62,''),(143,'宇宙仁',26,62,''),(144,'小啷',39,23,''),(145,'高橋繪里子',31,63,''),(146,'綾瀨瑠子',24,63,''),(147,'梅梅',8,63,''),(148,'桂雪路',10,63,''),(149,'柏木朧',51,16,''),(150,'朝風理沙',10,16,''),(151,'摩利亞由紀',26,16,''),(152,'乃木坂春香',24,64,''),(153,'小山田耕太',52,64,''),(154,'祇條深月',15,64,''),(155,'灰原水面',43,64,''),(156,'佐藤綾乃',31,64,''),(157,'香田亞佳莉',31,65,''),(158,'姬路京子',31,66,''),(159,'石毛佐和',31,67,''),(160,'小田桐雄一郎',31,68,''),(161,'鈴木桃香',31,69,''),(162,'美袋命',35,69,''),(163,'荷嶋音緒',13,69,''),(164,'岡崎朋也',12,70,''),(165,'皆本光一',51,70,''),(166,'月詠幾斗',33,70,''),(167,'星野航',46,70,''),(168,'星野愛沙美',16,17,''),(169,'栗生惠',15,17,''),(170,'吉川舞夏',53,17,''),(171,'鴇羽舞衣',35,17,''),(172,'詩音',33,17,''),(173,'柊司',17,17,''),(174,'東谷小雪',18,22,''),(175,'藤林椋',12,71,''),(176,'佐倉仁菜',54,71,''),(177,'天枷美春',22,71,''),(178,'周防院奏',9,71,''),(179,'坂上智代',12,72,''),(180,'天澤勇子',55,72,''),(181,'國分寺稔',39,72,''),(182,'日下部瑪倫',56,72,''),(183,'伊吹風子',12,73,''),(184,'稻森光香',57,73,''),(185,'小神晶',17,73,''),(186,'一之瀨琴美',12,64,''),(187,'古河秋生',12,74,''),(188,'山神燦緒',45,74,''),(189,'三井壽',58,74,''),(190,'伊諾巴',59,74,''),(191,'古河早苗',12,75,''),(192,'蜜柑的媽媽',29,75,''),(193,'旁白',29,75,''),(194,'柊美紀',3,75,''),(195,'日比谷千歲',39,75,''),(196,'妲朵拉',59,75,''),(197,'水手鋁希蓮',7,75,''),(198,'天道霞',60,75,''),(199,'春原陽平',12,76,''),(200,'山崎薰',34,76,''),(201,'起司',32,76,''),(202,'相樂美佐枝',12,65,''),(203,'宮澤有紀寧',12,77,''),(204,'宮澤雪野',61,77,''),(205,'花祭果凜',13,77,''),(206,'春原芽衣',12,78,''),(207,'芳乃櫻',22,78,''),(208,'若月朱里',16,78,''),(209,'虹原茵可',48,78,''),(210,'高町奈葉',62,78,''),(211,'川澄舞',38,78,''),(212,'來栖泊',26,78,''),(213,'杉浦碧',35,78,''),(214,'音羽香',13,78,''),(215,'岡崎直幸',12,79,''),(216,'伊吹公子',12,80,''),(217,'佃三笠',43,80,''),(218,'水瀨秋子',38,80,''),(219,'木之本撫子',40,80,''),(220,'土萌螢',7,80,''),(221,'芳野祐介',12,81,''),(222,'高町恭也',62,81,''),(223,'赤坂圭一郎',32,81,''),(224,'鬼宿',41,81,''),(225,'流川楓',58,81,''),(226,'銀河星十郎',7,81,''),(227,'三上智也',13,81,''),(228,'菲歐列',7,81,''),(229,'幸村俊夫',12,82,''),(230,'友藏',63,82,''),(231,'牡丹',12,83,''),(232,'謎之少女',12,84,''),(233,'張宿',41,84,''),(234,'佐佐木利佳',40,84,''),(235,'倉田佐祐理',38,84,''),(236,'上村綾乃',32,84,''),(237,'日向冬樹',18,84,''),(238,'安哥爾 摩亞',18,64,''),(239,'引瀨琢磨',65,20,''),(240,'艾莉卡‧由美米亞',66,20,''),(241,'小日向速水',65,85,''),(242,'孫權',67,85,''),(243,'孫策',67,85,''),(244,'神樂日向',65,86,''),(245,'神樂螢',65,86,''),(246,'甘寧',67,86,''),(247,'寶院京子',28,86,''),(248,'黑田光',68,86,''),(249,'音羽',65,87,''),(250,'神樂日向',65,87,''),(251,'柊杏璃',6,87,''),(252,'小玉',6,87,''),(253,'田端唯',65,88,''),(254,'八雲濱路',65,89,''),(255,'神坂春姬',6,89,''),(256,'梶浦緋紗子',9,89,''),(257,'八雲雪路',65,2,''),(258,'霞愛歌',10,2,''),(259,'九門真紀',65,90,''),(260,'穗積輝夫',65,91,''),(261,'水銀燈',69,23,''),(262,'櫻田純',69,92,''),(263,'真紅',69,93,''),(264,'北條麗華',70,93,''),(265,'小夜',33,93,''),(266,'草野優',34,93,''),(267,'X蛋',33,93,''),(268,'翔太',33,93,''),(269,'結木翼',33,93,''),(270,'二階堂悠(小時候)',33,93,''),(271,'百瀨環',13,93,''),(272,'雛莓',69,94,''),(273,'江戶前留奈',21,94,''),(274,'相原菜菜',15,94,''),(275,'高根美智子',9,94,''),(276,'魔宮步',53,94,''),(277,'朝倉音夢',22,94,''),(278,'宗像詩帆',35,94,''),(279,'奈奈',71,94,''),(280,'戴著黃色帽子的少女',45,94,''),(281,'日名明日香',13,94,''),(282,'翠星石',69,95,''),(283,'蒼星石',69,96,''),(284,'小卷',21,95,''),(285,'朝倉涼子',5,95,''),(286,'魔宮滿',53,95,''),(287,'可憐',45,95,''),(288,'觀島香月',13,95,''),(289,'小真',27,96,''),(290,'瑠璃子',48,96,''),(291,'香陽',30,96,''),(292,'錢形巡',21,96,''),(293,'櫻田紀',69,97,''),(294,'委員長',21,97,''),(295,'薔薇水晶',69,98,''),(296,'景子',27,98,''),(297,'金絲雀',69,99,''),(298,'柏葉巴',69,43,''),(299,'白崎',69,100,''),(300,'甲斐榮二',15,100,''),(301,'日名雄介',13,100,''),(302,'槐',69,101,''),(303,'保坂',27,101,''),(304,'三河海',21,101,''),(305,'古泉一樹',5,101,''),(306,'曾呂明日太',26,101,''),(307,'小野大輔',3,101,''),(308,'鷺澤一蹴',13,101,''),(309,'草笛美津',69,102,''),(310,'柿崎惠',69,103,''),(311,'公孫瓚',67,103,''),(312,'西園寺世界',68,103,''),(313,'庫庫偵探',69,104,''),(314,'拉普拉斯之魔',69,104,''),(315,'關口',72,104,''),(316,'貓警部',69,105,''),(317,'山本同學',69,106,''),(318,'二之宮峻護',70,106,''),(319,'青木大介',28,106,''),(320,'二階堂悠',33,106,''),(321,'小笠原孝',24,106,''),(322,'稻穗信',13,106,''),(323,'柴崎元治',69,107,''),(324,'莎拉',69,92,''),(325,'佐藤龍太',73,72,''),(326,'日向冬樹',18,72,''),(327,'小泉千佳',73,108,''),(328,'月村真由',70,108,''),(329,'宇佐美美',28,108,''),(330,'七七尾蓮',52,108,''),(331,'三宮紫穗',51,111,''),(332,'西園寺真理',31,18,''),(333,'麻知',8,18,''),(334,'高橋美佳子',74,18,''),(335,'相原和美',73,64,''),(336,'平川夏里',73,109,''),(337,'宮澤花野',61,109,''),(338,'雲雀',30,109,''),(339,'檜月彩花',13,109,''),(340,'日高惠',73,31,''),(341,'今井浩二',73,55,''),(342,'Rider',25,55,''),(343,'南斗星',37,55,''),(344,'河合翼',73,110,''),(345,'長門有希',5,110,''),(346,'南千秋',27,110,''),(347,'岩崎南',3,110,''),(348,'茅原實里',3,110,''),(349,'長門店員',3,110,''),(350,'淺野優希',73,18,''),(351,'綾瀨裕人',24,112,''),(352,'乃木坂美夏',24,10,''),(353,'天宮椎菜',24,113,''),(354,'南春香',27,113,''),(355,'東宮康太郎',10,113,''),(356,'牧村志織',10,113,''),(357,'櫻坂葉月',24,11,''),(358,'田村日和',3,11,''),(359,'上代由香里',24,114,''),(360,'鷺之宮伊澄',10,114,''),(361,'十條紫苑',9,114,''),(362,'鷺澤賴子',75,114,''),(363,'迷糊姑娘小秋',24,114,''),(364,'舞方香菜',13,114,''),(365,'岩崎南',17,114,''),(366,'朝倉信長',24,115,''),(367,'邊里唯世',33,115,''),(368,'麻紀',27,115,''),(369,'永井',24,116,''),(370,'小川',24,117,''),(371,'竹浪',24,118,''),(372,'朝比奈麻衣',24,119,''),(373,'小蘇',33,119,''),(374,'吉野',27,119,''),(375,'椎名靜',29,119,''),(376,'澤村良子',24,32,''),(377,'乃木坂玄冬',24,120,''),(378,'所有男性路人角色',3,120,''),(379,'乃木坂秋穗',24,121,''),(380,'春日乃綺蘭',29,121,''),(381,'貴生川鏡子',57,121,''),(382,'可魯貝洛斯',40,121,''),(383,'妲妲',59,121,''),(384,'水野亞美',7,121,''),(385,'日奈森亞夢',33,122,''),(386,'方塊',33,122,''),(387,'小藍',33,123,''),(388,'平川夏美',73,123,''),(389,'米琪',33,124,''),(390,'日奈森綠',33,125,''),(391,'小颯的媽媽',10,125,''),(392,'日奈森紡',33,126,''),(393,'日奈森亞實',33,127,''),(394,'藤咲撫子',33,128,''),(395,'佐倉樁',61,128,''),(396,'玖我夏樹',35,128,''),(397,'霧島忍',70,128,''),(398,'藤咲凪彥',33,128,''),(399,'綾音',8,128,''),(400,'速水',27,128,''),(401,'壽壽奈鷹乃',13,128,''),(402,'結木雅雅',33,129,''),(403,'相馬空海',33,130,''),(404,'真城理瑪',33,131,''),(405,'瀨川泉',10,131,''),(406,'三條海里',33,132,''),(407,'奇蹟',33,133,''),(408,'秋月奈久留',40,134,''),(409,'鞠繪',45,134,''),(410,'清水多香子',39,134,''),(411,'珠洲城遙',35,134,''),(412,'手鞠',33,134,''),(413,'本名紗江子',33,134,''),(414,'佩佩',33,135,''),(415,'野乃原葉夜',13,135,''),(416,'大地',33,136,''),(417,'庫斯庫斯',33,137,''),(418,'鷺澤緣',13,137,''),(419,'夏哉純',29,138,''),(420,'武藏',33,138,''),(421,'櫛枝實乃梨',76,15,''),(422,'亞里亞',45,139,''),(423,'菲特',62,139,''),(424,'星名歌唄',33,139,''),(425,'南冬馬',27,139,''),(426,'赤夜萌香',23,139,''),(427,'白河螢',13,139,''),(428,'山本琉理香',77,140,''),(429,'小神晶',3,140,''),(430,'伊魯',33,140,''),(431,'三條由香里',33,141,''),(432,'山吹沙綾',33,142,''),(433,'綾川日奈子',70,143,''),(434,'真奈美',33,143,''),(435,'柊祀',3,143,''),(436,'淺野優希',78,143,''),(437,'若菜',33,144,''),(438,'拉米拉',33,144,''),(439,'伊集院玲',19,145,''),(440,'結城秋瑠',79,145,''),(441,'鈴木誠一郎',33,145,''),(442,'冴木信子',33,146,''),(443,'星名一臣',33,147,''),(444,'魚眼',7,148,''),(445,'雄大寺挑',19,148,''),(446,'炎凪',35,148,''),(447,'天河司',33,148,''),(448,'宮前佳奈子',80,92,''),(449,'祇堂鞠也',80,149,''),(450,'六條章子',30,149,''),(451,'佐藤龍太',78,149,''),(452,'汐王寺茉莉花',80,150,''),(453,'佃美奈',43,150,''),(454,'橘亘',10,150,''),(455,'暮里詩音',10,150,''),(456,'石馬隆顯',80,151,''),(457,'桃井幸',80,33,''),(458,'桐奈奈美',80,71,''),(459,'稲森弓弦',80,98,''),(713,'日向秋',18,250,''),(461,'熊谷芙美',80,152,''),(462,'寮長先生',80,93,''),(463,'高良美幸',3,4,''),(464,'南夏奈',27,150,''),(465,'上原睦月',57,150,''),(466,'露露',33,71,''),(467,'鸚哥',76,98,''),(468,'狩野堇',76,151,''),(469,'高見盛京',29,151,''),(470,'志木絢璃',80,114,''),(471,'與那國先生',80,114,''),(472,'青葉鵣',81,93,''),(473,'藤村柚希',16,152,''),(474,'葛葉霧香',10,152,''),(475,'大村裕美',39,152,''),(476,'小涼宮春日',82,1,''),(477,'衛藤芽生',57,1,''),(478,'明石薰',51,1,''),(479,'祇堂靜珠',80,1,''),(480,'皋月千史',80,153,''),(481,'菜鶴真紀',80,154,''),(482,'阿虛',82,49,''),(483,'鼎藤一郎',80,49,''),(484,'林志',28,49,''),(485,'土見凜',44,49,''),(486,'相澤祐一',38,49,''),(487,'本須和秀樹',39,49,''),(488,'旁白',80,155,''),(489,'薙',81,111,''),(490,'拉拉',83,111,''),(491,'黑威澄',48,111,''),(492,'御廚仁',81,156,''),(493,'東方院行人',8,156,''),(494,'懺悔',81,157,''),(495,'結城美柑',83,157,''),(496,'馬鈴薯沙拉',29,157,''),(497,'水無月米娜',43,157,''),(498,'涼城白亞',81,157,''),(499,'響大鐵',81,158,''),(500,'秋葉巡',81,159,''),(501,'藤岡',27,159,''),(502,'豐實琴',84,159,''),(503,'木村貴子',81,160,''),(504,'雪花',52,160,''),(505,'小林惠',34,160,''),(506,'大河內紫乃',81,17,''),(507,'逢坂大河',76,19,''),(508,'白雪霙',23,19,''),(509,'桃太郎',51,19,''),(510,'春日乃音音',29,19,''),(511,'關泊',29,19,''),(512,'秀妹',85,19,''),(513,'高須龍兒',76,106,''),(514,'索妮亞‧夏弗拿茲',10,15,''),(516,'小鈴',8,15,''),(517,'天宮學美',57,15,''),(518,'月宮亞由',38,15,''),(519,'神泉安菜',26,15,''),(520,'立石亞由',54,15,''),(521,'羽入',86,15,''),(522,'咲耶',45,15,''),(523,'北村祐作',76,9,''),(524,'川嶋亞美',76,32,''),(525,'高須泰子',76,165,''),(526,'壹原侑子',42,165,''),(527,'壹原侑子',87,165,''),(528,'撫子的媽媽',33,165,''),(529,'戀漥百合',76,23,''),(530,'春田浩次',76,136,''),(531,'能登久光',76,166,''),(532,'木原麻耶',76,73,''),(533,'香椎奈奈子',76,167,''),(534,'關羽',67,168,''),(535,'小岩井Flora',2,168,''),(536,'角澤多佳子',57,168,''),(537,'張飛',67,169,''),(538,'華雄',67,169,''),(539,'諸葛亮',67,170,''),(540,'趙雲',67,172,''),(541,'柳澤奈緒子',40,172,''),(542,'馬超',67,173,''),(543,'黃忠',67,58,''),(942,'風間汐',118,355,''),(545,'曹操',67,174,''),(546,'夏侯惇',67,175,''),(547,'夏侯淵',67,176,''),(548,'荀彧',67,177,''),(549,'式守伊吹',6,177,''),(550,'許禇',67,178,''),(551,'孫尚香',67,54,''),(552,'陸遜',67,179,''),(553,'周瑜',67,180,''),(554,'大喬',67,8,''),(555,'小喬',67,8,''),(556,'蒂法妮亞',91,64,''),(557,'呂布',67,182,''),(558,'賈詡',67,183,''),(559,'袁紹',67,184,''),(560,'文醜',67,185,''),(561,'鈴凜',45,185,''),(562,'顏良',67,186,''),(563,'關羽的哥哥',67,50,''),(564,'劉備(偽)',67,50,''),(565,'旁白',67,187,''),(566,'水鏡先生',67,187,''),(567,'華蝶假面',67,172,''),(568,'璃璃',67,178,''),(569,'張遼',67,188,''),(570,'貂蟬',67,189,''),(571,'雨出佑助',7,189,''),(572,'電波將軍',16,189,''),(573,'天之音',10,189,''),(574,'司儀',67,190,''),(575,'馬騰',67,191,''),(576,'張昭',67,192,''),(577,'孫靜',67,193,''),(578,'何進',67,194,''),(579,'淺倉奈緒子',46,194,''),(580,'桑原靜流',50,194,''),(581,'小兔',50,194,''),(582,'河野亨',84,195,''),(583,'四方谷裕史郎',84,196,''),(584,'須賀京太郎',88,195,''),(585,'四月一日君尋',42,195,''),(586,'柊明良',15,195,''),(587,'四月一日',87,195,''),(588,'原川研一',55,196,''),(589,'坂本秋良',84,197,''),(590,'有定修也',84,198,''),(591,'架地哲士',54,198,''),(592,'名田庄薰',84,199,''),(593,'坂本春海',84,200,''),(594,'守東春彥',30,200,''),(595,'海神航',45,200,''),(596,'越廼將行',84,201,''),(597,'冴木冰室',10,201,''),(598,'春江涉',84,202,''),(599,'糺孝弘',84,116,''),(600,'小武',27,203,''),(601,'日奈森修司',33,203,''),(602,'南家長男',27,204,''),(603,'三田村隆史',46,204,''),(604,'南夏樹',27,136,''),(605,'南秋羅',27,205,''),(606,'篤子',27,206,''),(607,'理子',27,207,''),(608,'小優',27,208,''),(609,'修一',27,208,''),(610,'二宮同學',27,208,''),(611,'小瞳',27,209,''),(612,'由利卡',30,209,''),(613,'平澤唯',90,119,''),(614,'秋山澪',90,210,''),(615,'田井中律',90,144,''),(616,'琴吹紬',90,211,''),(617,'山中佐和子',90,92,''),(618,'真鍋和',90,212,''),(619,'平澤憂',90,213,''),(620,'中野梓',90,214,''),(621,'露易絲',91,19,''),(622,'片岡優希',88,19,''),(623,'平賀才人',91,215,''),(624,'真田光一',15,215,''),(625,'櫻庭圭介',2,215,''),(626,'坂井悠二',14,215,''),(627,'謝絲妲',91,15,''),(628,'福路美穗子',88,15,''),(629,'朝倉由夢',75,15,''),(630,'漢麗塔',91,217,''),(631,'源千鶴',52,217,''),(632,'蕾卡',93,217,''),(633,'川田知子',15,217,''),(634,'夏蜜柑',29,217,''),(635,'吉田一美',14,217,''),(636,'師走米娜',43,217,''),(637,'美坂香里',38,217,''),(638,'Saber',25,217,''),(639,'娜諾卡',71,217,''),(640,'千影',45,217,''),(641,'野村朋子',94,217,''),(642,'齊兒可',91,218,''),(643,'塔帕莎',91,181,''),(644,'董卓',67,181,''),(645,'基修',91,100,''),(646,'蒙莫朗西',91,18,''),(647,'安妮爾絲',91,219,''),(648,'二之宮涼子',70,219,''),(649,'雪菲爾',91,220,''),(650,'海王滿',7,220,''),(651,'米謝爾',91,221,''),(652,'朱里歐',91,222,''),(653,'伊藤誠',68,222,''),(654,'喬哲夫',91,223,''),(655,'球球',10,223,''),(656,'神王',44,223,''),(657,'史托卡',71,223,''),(658,'前鬼',95,223,''),(659,'伊魯庫庫',91,224,''),(660,'田中里奈',48,224,''),(661,'白川明日菜',30,224,''),(662,'比阿特麗斯',91,225,''),(663,'松露子',29,225,''),(664,'綾崎颯',10,226,''),(665,'玲玲',8,226,''),(666,'野上葵',51,226,''),(667,'染谷真子',88,226,''),(669,'木瀨步',13,226,''),(671,'火野蕾依',7,230,''),(683,'妹之山殘',19,241,''),(684,'藤井霞',110,241,''),(685,'上原杏子',94,241,''),(686,'小泉理沙',36,241,''),(687,'鷹村蘇芳',19,242,''),(849,'夜天光',7,299,''),(689,'大川詠心',19,243,''),(690,'理事長',19,244,''),(691,'真宮寺若菜',110,244,''),(692,'愛莉絲堤亞=雷恩',24,19,''),(693,'天王寺冬華',24,19,''),(694,'克勞斯',10,245,''),(695,'瀨戶豪三郎',21,245,''),(696,'涼城怜悧',81,245,''),(697,'三千院帝',10,246,''),(698,'火野宮司',7,246,''),(699,'旁白',50,246,''),(700,'三千院紫子',10,80,''),(701,'謝加圖',59,223,''),(702,'蘭迪斯',59,223,''),(703,'天罡',41,223,''),(704,'日比野文',10,123,''),(705,'白野威',10,123,''),(706,'近堂水琴',111,123,''),(707,'龜山夏子',26,113,''),(708,'老師',65,113,''),(709,'宮永咲',88,31,''),(710,'卷田',10,247,''),(711,'愛澤日向',10,248,''),(712,'愛澤朝斗',10,249,''),(714,'赤木晴子',58,250,''),(715,'卡拉貝拉斯',7,250,''),(716,'鷺之宮初穗',10,250,''),(717,'鷺之宮九重',10,251,''),(718,'拉比',18,252,''),(719,'吉川冬乃',53,252,''),(720,'織部麻緒衣',16,252,''),(721,'拉君',48,252,''),(722,'鷺之宮銀華',10,252,''),(723,'瀨能名津流',111,150,''),(724,'桃宮莓',32,253,''),(725,'貴嶋沙希',10,253,''),(726,'大河內大河',10,253,''),(727,'竹井久',88,51,''),(728,'觀月歌帆',40,254,''),(729,'雛菊的養母',10,254,''),(730,'木野真琴',7,254,''),(731,'浦蕾希雅',59,254,''),(732,'雪拉',59,254,''),(733,'車內播音',112,254,''),(734,'車站播音',112,254,''),(735,'花輪',72,255,''),(736,'雛菊的養父',10,255,''),(737,'獅堂翔',59,255,''),(738,'龍崎櫻乃',113,18,''),(739,'六棟エスカルティン',43,256,''),(740,'手塚澪',48,256,''),(741,'花菱美希',10,256,''),(742,'西澤一樹',10,256,''),(743,'英英子',29,131,''),(744,'西蓮寺春菜',83,131,''),(745,'瀨川虎鐵',10,257,''),(746,'平井由香里',14,16,''),(747,'藤田靖子',88,16,''),(748,'春風千櫻',10,258,''),(749,'鳩羽雪',33,258,''),(750,'御堂寧寧',30,258,''),(751,'蜂谷美美',29,258,''),(752,'天王州雅典娜',10,217,''),(753,'綾崎瞬',10,259,''),(754,'森山皇大',29,259,''),(755,'芙蓉紅葉',44,125,''),(759,'斯比內魯',40,261,''),(758,'鳳條院聖華',114,2,''),(760,'寺田良幸',40,261,''),(761,'桃宮慎太郎',32,261,''),(762,'野野原楓',10,261,''),(763,'春日乃松一',29,261,''),(764,'咲夜的父親',10,261,''),(765,'Archer',25,262,''),(766,'舞竹國海',36,262,''),(767,'神父',10,262,''),(768,'弗魯迪西亞‧尼斯',10,263,''),(769,'原村和',88,20,''),(770,'天江衣',88,3,''),(771,'布拉格‧克萊爾斯塔',93,3,''),(772,'龍門渕透華',88,110,''),(773,'國廣一',88,69,''),(774,'小早川優',17,69,''),(775,'澤村智紀',88,264,''),(776,'井上純',88,151,''),(777,'荻義',88,101,''),(778,'杉乃步',88,265,''),(779,'鈴木純',90,265,''),(780,'前學生會長',57,96,''),(781,'池田華菜',88,96,''),(786,'文堂星夏',88,267,''),(941,'村雨純夏',118,354,''),(785,'吉留未春',88,185,''),(789,'弘世菫',88,132,''),(788,'深堀純代',88,132,''),(790,'久保貴子',88,269,''),(791,'加治木由美',88,149,''),(792,'北條悟史',86,149,''),(793,'坂本夏流',84,149,''),(794,'河野亨(小時候)',84,149,''),(795,'津山睦月',88,270,''),(796,'妹尾佳織',88,33,''),(797,'坂本七美',84,33,''),(798,'蒲原智美',88,95,''),(799,'東橫桃子',88,271,''),(800,'宮永照',88,17,''),(801,'龍宮蕾娜',86,17,''),(802,'西田順子',88,272,''),(803,'高良由香里',3,272,''),(804,'山口大介',88,273,''),(805,'咲的父親',88,274,''),(806,'傑戴特',7,274,''),(807,'可魯貝洛斯(大)',40,274,''),(808,'鴨君',48,274,''),(809,'深川遙',36,274,''),(810,'足橋剛治',10,274,''),(811,'和的父親',88,275,''),(812,'Giroro伍長',18,275,''),(813,'無名氏',43,275,''),(814,'旁白',43,275,''),(815,'旁白',88,275,''),(816,'夢乃麻穗',88,276,''),(817,'寶橋裕子',88,277,''),(818,'永森和子',88,277,''),(819,'門松葉子',88,278,''),(820,'西乃增美',111,278,''),(821,'田中舞',88,279,''),(822,'土屋由里',88,280,''),(823,'上杮惠',88,281,''),(824,'卡德蕾亞',91,281,''),(825,'南浦數繪',88,282,''),(826,'縣預選大會實況播報員',88,283,''),(827,'關泊的父親',29,283,''),(828,'白石稔',3,283,''),(829,'根津晴彥',114,283,''),(830,'若月修輔(小時候)',16,282,''),(831,'西東京地區預選大會實況播報員',88,284,''),(832,'愛野美奈子',7,285,''),(833,'地場衛',7,286,''),(834,'小阿兔',7,287,''),(835,'天王遙',7,288,''),(836,'冥王雪奈',7,289,''),(837,'露娜',7,290,''),(838,'露娜',115,290,''),(839,'阿提米斯',7,291,''),(840,'黛安娜',7,292,''),(841,'希蕾妮蒂皇后',7,293,''),(842,'小小',7,14,''),(843,'希蕾希蕾',7,294,''),(844,'芭拉芭拉',7,295,''),(845,'秀秀',7,296,''),(846,'貝斯貝斯',7,297,''),(847,'星野光',7,242,''),(848,'大氣光',7,298,''),(850,'火球公主',7,300,''),(851,'月野謙之',7,301,''),(852,'月野育子',7,302,''),(853,'月野進悟',7,289,''),(854,'大阪奈留',7,303,''),(855,'海野',7,304,''),(856,'櫻田春菜',7,289,''),(857,'桃原桃子',7,305,''),(858,'更科九助',7,76,''),(859,'艾利歐斯',7,306,''),(860,'古幡元基',7,307,''),(861,'古幡宇奈月',7,308,''),(862,'熊田雄一郎',7,309,''),(863,'西村蕾卡',7,285,''),(864,'淺沼一等',7,310,''),(865,'浦和良',7,311,''),(866,'夢野夢美',7,312,''),(867,'Red Butler',7,313,''),(868,'小原杏',7,314,''),(869,'雷德曼',7,315,''),(870,'蘿絲夫人',7,316,''),(871,'山本冴子',7,317,''),(872,'卡特莉娜',7,318,''),(873,'Alan',7,304,''),(874,'朝比奈娜娜',7,308,''),(875,'美塔麗亞女王',7,319,''),(876,'貝莉爾女王',7,290,''),(877,'涅夫萊特',7,320,''),(878,'佐依賽特',7,304,''),(879,'坤載特',7,321,''),(880,'魔界樹',7,322,''),(881,'銀河夏美',7,323,''),(882,'韋斯曼',7,324,''),(883,'迪曼特王子',7,325,''),(884,'魯貝斯',7,326,''),(885,'沙菲爾',7,327,''),(886,'艾斯梅洛特',7,328,''),(887,'貝茲',7,288,''),(888,'佩魯妾',7,294,''),(889,'可安',7,329,''),(890,'女王9',7,80,''),(891,'土萌創一',7,330,''),(892,'卡爾莉奈特',7,319,''),(893,'由佳爾',7,331,''),(894,'米梅朵',7,332,''),(895,'比莉優',7,333,''),(896,'希普莉',7,334,''),(897,'普琪羅兒',7,335,''),(898,'赫蕾妮亞',7,336,''),(899,'吉哥妮亞',7,337,''),(900,'虎眼',7,74,''),(901,'鷹眼',7,338,''),(902,'水手凱克拉西亞',7,339,''),(903,'水手鐵鼠',7,340,''),(904,'水手鉛庫洛',7,341,''),(905,'水手錫貓子',7,342,''),(906,'美嶋紅音',111,15,''),(907,'三田村茜',46,343,''),(908,'渡會美咲',33,343,''),(909,'由鳥愛莉絲',48,343,''),(910,'古手川唯',83,343,''),(911,'三鄉雫',111,343,''),(912,'早',13,343,''),(913,'沙佁楓',111,344,''),(917,'植田理香',111,31,''),(915,'川原慶久',111,345,''),(918,'中尾沙也香',111,256,''),(919,'山川涼花',111,281,''),(920,'越前龍馬',113,35,''),(921,'源靜香',116,346,''),(922,'開膛虎',111,346,''),(923,'切腹黑兔',111,78,''),(924,'電死山貓',111,139,''),(925,'窒息野狗',111,64,''),(926,'火刑獅子',111,347,''),(927,'杉崎鍵',117,348,''),(928,'吉田平介',70,348,''),(929,'桐山臣',52,348,''),(930,'櫻野栗夢',117,349,''),(931,'紅葉知弦',117,279,''),(932,'椎名深夏',117,350,''),(933,'椎名真冬',117,351,''),(934,'真儀瑠紗鳥',117,272,''),(935,'藤堂利利西亞',117,64,''),(936,'藤堂愛莉絲',117,69,''),(937,'中目黑善樹',117,352,''),(939,'宮代奏',117,111,''),(940,'殘響死滅',117,100,''),(944,'鳥追清梨',118,2,''),(945,'木下秀吉',119,2,''),(946,'木下優子',119,2,''),(947,'朱宮正樹',118,356,''),(948,'蓮賀朋繪',118,357,''),(949,'姬路瑞希',119,357,''),(950,'日向夏美',18,358,''),(951,'朝比奈茜',52,358,''),(952,'當麻宮子',118,358,''),(953,'蒼井梓',118,359,''),(954,'永倉愛美琉',77,360,''),(955,'早澄野江',118,360,''),(956,'風間範夫',118,112,''),(957,'朱宮萬奈歌',118,214,''),(958,'姖宮米蘭',24,63,''),(959,'茅原彌生',24,210,''),(960,'雛咲祝',24,210,''),(961,'小早川希美',24,361,''),(962,'宗像理緒',24,224,''),(963,'初瀨光',24,362,''),(964,'藤之宮美羽',24,363,''),(965,'吉井明久',119,156,''),(966,'飛羽愛美',15,357,''),(967,'荻上千佳',120,364,''),(968,'島田美波',119,364,''),(969,'坂本雄二',119,371,''),(970,'土屋康太',119,365,''),(971,'秋田刑事',56,365,''),(972,'雪兔',87,365,''),(973,'保坂光流',70,365,''),(974,'霧島翔子',119,366,''),(975,'清水美春',119,214,''),(976,'久保利光',119,202,''),(977,'島田葉月',119,367,''),(978,'佐藤美穗',119,367,''),(979,'工藤愛子',119,368,''),(980,'鈴木涼二',36,369,''),(981,'福原慎',119,369,''),(982,'西村宗一',119,370,''),(983,'笹原完士',120,372,''),(984,'高坂真琴',120,132,''),(985,'春日部咲',120,65,''),(986,'斑目晴信',120,57,''),(987,'田中總市郎',120,50,''),(990,'大野加奈子',120,217,''),(989,'久我山光紀',120,373,''),(991,'朽木學',120,148,''),(992,'蘇珊娜‧霍普金斯',120,48,''),(993,'安琪拉‧巴頓',120,374,''),(994,'小鳥遊宗太',121,195,''),(995,'種島白楊',121,123,''),(996,'伊波真昼',121,375,''),(997,'小鳥桃葉',57,375,''),(998,'西田順子',88,375,''),(999,'瞳',122,375,''),(1000,'轟八千代',121,32,''),(1001,'白藤杏子',121,296,''),(1002,'佐藤潤',121,101,''),(1003,'相馬博臣',121,198,''),(1004,'音尾兵吾',121,275,''),(1005,'山田葵',121,22,''),(1006,'松本麻耶',121,102,''),(1007,'小鳥遊一枝',121,226,''),(1008,'小鳥遊泉',121,210,''),(1009,'小鳥遊梢',121,51,''),(1010,'小鳥遊薺',121,271,''),(1011,'小鳥遊家的爸爸',121,284,''),(1012,'伊波的爸爸',121,376,''),(1013,'伊波的媽媽',121,377,''),(1014,'榎本千尋',123,378,''),(1015,'秋山時乃',123,71,''),(1016,'朝霧小牧',123,78,''),(1017,'橘泉',123,151,''),(1018,'律子·邱貝爾·克坦科拉特',123,128,''),(1019,'如月香澄',123,217,''),(1020,'莉莎·韓比',123,31,''),(1021,'上石神井蓮子',123,342,''),(1022,'山田薰子',123,48,''),(1023,'鈴木憲二',123,124,''),(1024,'鈴木鍵司',123,379,''),(1025,'榎本忍',123,380,''),(1026,'鏑木有也',123,381,''),(1027,'六原麥男',123,382,''),(1028,'朝霧小雪',123,135,''),(1029,'アレックス',123,383,''),(1030,'食いタンの豹',123,275,''),(1031,'石田',123,275,''),(1032,'宇喜多',123,9,''),(1033,'島',123,384,''),(1034,'小早川',123,385,''),(1035,'脇坂',123,386,''),(1036,'小川',123,387,''),(1037,'玻瑠麻緒梨',123,388,''),(1038,'蚊緒梨',123,108,''),(1039,'師緒梨',123,389,''),(1040,'砂緒梨',123,390,''),(1041,'榎本千尋',124,391,''),(1042,'秋山時乃',124,73,''),(1043,'律子·邱貝爾·克坦科拉特',124,20,''),(1044,'上石神井蓮子',124,292,''),(1045,'山田薰子',124,48,''),(1046,'朝霧小雪',124,392,''),(1047,'如月香澄',124,393,''),(1048,'莉莎·韓比',124,115,''),(1049,'榎本忍',124,394,''),(1050,'橘泉',124,256,''),(1051,'朝霧小牧',124,43,''),(1052,'六原麥男',124,203,''),(1053,'鏑木有也',124,204,''),(1054,'津田隆利',125,203,''),(1055,'津田隆利(小時候)',125,149,''),(1056,'天草篠',125,210,''),(1057,'七條天空',125,144,''),(1058,'萩村鈴',125,131,''),(1059,'橫島鳴子',125,149,''),(1060,'畑蘭子',125,40,''),(1061,'三葉睦美',125,395,''),(1097,'月城雪兔',40,288,''),(1063,'轟寧寧',125,397,''),(1064,'津田琴美',125,398,''),(1065,'柳本',125,283,''),(1066,'中里千梨',125,399,''),(1067,'海邊奈奈子',125,400,''),(1068,'出島沙也香',125,401,''),(1069,'小鈴的媽媽',125,114,''),(1070,'獅堂光',59,397,''),(1071,'音無結弦',122,198,''),(1072,'仲村百合',122,85,''),(1073,'立華奏',122,157,''),(1074,'日向秀樹',122,403,''),(1075,'直井文人',122,288,''),(1076,'松下',122,404,''),(1077,'大山',122,405,''),(1078,'TK',122,406,''),(1079,'高松',122,34,''),(1080,'騰卷',122,407,''),(1081,'野田',122,408,''),(1082,'椎名',122,409,''),(1083,'遊佐',122,410,''),(1084,'竹山',122,411,''),(1085,'岩澤麻美',122,93,''),(1086,'久子',122,412,''),(1087,'入江',122,123,''),(1088,'關根',122,2,''),(1089,'五十嵐楓',125,2,''),(1090,'唯',122,32,''),(1091,'查',122,413,''),(1092,'齊藤',122,81,''),(1093,'音無初音',122,17,''),(1094,'五十嵐',122,50,''),(1096,'謎之男子',122,148,''),(1098,'後鬼',95,288,''),(1099,'青山雅也',32,288,''),(1100,'艾美諾多',59,288,''),(1101,'藏馬',50,288,''),(1102,'衛',45,405,''),(1103,'Poemi',126,405,''),(1104,'中原岬',34,410,''),(1105,'小櫻',87,410,''),(1106,'吉川春生',53,411,''),(1107,'桐生大介',43,413,''),(1108,'高坂京介',127,70,''),(1109,'高坂桐乃',127,214,''),(1110,'高坂大介',127,120,''),(1111,'高坂佳乃',127,388,''),(1112,'田村麻奈實',127,144,''),(1113,'田村岩男',127,414,''),(1114,'田村家的爺爺',127,415,''),(1115,'田村家的奶奶',127,416,''),(1116,'沙織‧巴吉娜',127,63,''),(1117,'黑貓',127,157,''),(1118,'新垣綾瀨',127,417,''),(1119,'川壁桃花',30,417,''),(1120,'來栖加奈子',127,78,''),(1121,'赤城浩平',127,106,''),(1122,'三浦絃之介',127,418,''),(1123,'赤城瀨菜',127,419,''),(1124,'守東桃香',30,419,''),(1125,'伊織‧F‧剎那',127,51,''),(1126,'一之瀨真一',127,420,''),(1127,'三津野泰三',127,421,''),(1128,'五更香菜',127,157,''),(1129,'五更珠希',127,422,'');
/*!40000 ALTER TABLE `character` ENABLE KEYS */;
UNLOCK TABLES;

--
-- Table structure for table `photos`
--

DROP TABLE IF EXISTS `photos`;
/*!40101 SET @saved_cs_client     = @@character_set_client */;
/*!40101 SET character_set_client = utf8 */;
CREATE TABLE `photos` (
  `id` int(11) NOT NULL AUTO_INCREMENT,
  `albumid` int(11) NOT NULL,
  `name` varchar(30) NOT NULL,
  PRIMARY KEY (`id`),
  UNIQUE KEY `albumid` (`albumid`)
) ENGINE=MyISAM AUTO_INCREMENT=78 DEFAULT CHARSET=utf8;
/*!40101 SET character_set_client = @saved_cs_client */;

--
-- Dumping data for table `photos`
--

LOCK TABLES `photos` WRITE;
/*!40000 ALTER TABLE `photos` DISABLE KEYS */;
INSERT INTO `photos` VALUES (1,110,'迷糊餐廳'),(2,109,'女生愛女生'),(3,108,'現視研'),(4,107,'笨蛋測驗召喚獸'),(5,106,'學生會的一存'),(6,105,'輕聲密語'),(7,104,'肯普法'),(8,103,'魔力充電娘'),(9,102,'寒蟬鳴泣之時'),(10,101,'公主戀人'),(11,100,'零之使魔'),(12,99,'天才麻將少女'),(13,86,'夢幻拉拉'),(14,85,'Chobits'),(15,84,'出包王女'),(16,83,'K-ON!輕音部'),(17,82,'其他'),(18,81,'燒錄片品質圖'),(19,80,'benchmark圖'),(20,79,'魔獸世界'),(21,78,'希望online'),(22,77,'電車GO'),(23,76,'發明工坊'),(24,75,'秋之回憶系列'),(25,74,'交響樂之雨'),(26,73,'今天的五年二班'),(27,72,'戀姬無雙'),(28,71,'CLANNAD'),(29,70,'楚楚可憐超能少女組'),(30,69,'十字架與吸血鬼'),(31,68,'我的狐仙女友'),(32,67,'你是主人我是僕'),(33,66,'Myself;Yourself'),(34,65,'魔法美少女'),(35,64,'南家三姊妹'),(36,63,'君吻Pure Rouge'),(37,62,'女子高生'),(38,61,'電腦線圈'),(39,60,'初音島'),(40,59,'請別憂愁了二之宮同學'),(41,58,'萌少女的戀愛時光'),(42,57,'歡迎加入NHK'),(43,56,'涼宮春日的憂鬱'),(44,55,'庫洛魔法使'),(45,54,'美少女戰士'),(46,53,'School Days'),(47,52,'SHUFFLE!'),(48,51,'七色星露'),(49,50,'學園烏托邦 學美向前衝'),(50,49,'桃華月憚'),(51,48,'瀨戶的新娘'),(52,47,'萌單'),(53,46,'Happiness!'),(54,45,'東京貓貓'),(55,44,'馬鈴薯沙拉'),(56,43,'真珠美人魚'),(57,42,'戀愛情結'),(58,41,'Fate Stay/Night'),(59,40,'妹妹公主'),(60,39,'月面兔兵器米娜'),(61,38,'Kanon'),(62,37,'藍蘭島漂流記'),(63,36,'藍天下的約定'),(64,35,'CK124'),(65,31,'薔薇少女'),(66,30,'全力兔'),(67,29,'虎與龍'),(68,28,'守護甜心'),(69,26,'變身公主'),(70,25,'少女愛上姊姊'),(71,24,'乃木坂春香的秘密'),(72,23,'瑪莉亞狂熱'),(73,22,'幸運星'),(74,21,'Keroro軍曹'),(75,20,'神薙'),(76,19,'旋風管家'),(77,18,'H2O沙中足跡');
/*!40000 ALTER TABLE `photos` ENABLE KEYS */;
UNLOCK TABLES;

--
-- Table structure for table `seiyuu`
--

DROP TABLE IF EXISTS `seiyuu`;
/*!40101 SET @saved_cs_client     = @@character_set_client */;
/*!40101 SET character_set_client = utf8 */;
CREATE TABLE `seiyuu` (
  `id` int(11) NOT NULL AUTO_INCREMENT,
  `seiyuu` varchar(50) NOT NULL,
  `comment` varchar(200) NOT NULL,
  PRIMARY KEY (`id`)
) ENGINE=MyISAM AUTO_INCREMENT=424 DEFAULT CHARSET=utf8;
/*!40101 SET character_set_client = @saved_cs_client */;

--
-- Dumping data for table `seiyuu`
--

LOCK TABLES `seiyuu` WRITE;
/*!40000 ALTER TABLE `seiyuu` DISABLE KEYS */;
INSERT INTO `seiyuu` VALUES (1,'平野綾',''),(2,'加藤英美里',''),(3,'福原香織',''),(4,'遠藤綾',''),(6,'松岡由貴',''),(8,'結本ミチル',''),(9,'野島裕史',''),(10,'後藤麻衣',''),(11,'清水香里',''),(12,'谷山紀章',''),(13,'高橋廣樹',''),(14,'三石琴乃',''),(15,'堀江由衣',''),(16,'淺野真澄',''),(17,'中原麻衣',''),(18,'高橋美佳子',''),(19,'釘宮理惠',''),(20,'小清水亞美',''),(21,'池澤春菜',''),(22,'廣橋涼',''),(23,'田中理惠',''),(24,'淺野真由美',''),(25,'岸尾大輔',''),(26,'中田明日見',''),(27,'寺門仁美',''),(28,'伊東都',''),(29,'古島清孝',''),(30,'日下千尋',''),(31,'植田佳奈',''),(32,'喜多村英梨',''),(33,'新谷良子',''),(34,'水島大宙',''),(35,'皆川純子',''),(36,'土屋實紀',''),(37,'下屋則子',''),(38,'永田亮子',''),(39,'小暮英麻',''),(40,'新井里美',''),(41,'小林沙苗',''),(42,'小島惠',''),(43,'倉田雅世',''),(44,'齊藤惠理',''),(45,'山門久美',''),(46,'石塚沙夜里',''),(47,'本多知惠子',''),(48,'後藤邑子',''),(49,'杉田智和',''),(50,'關智一',''),(51,'伊藤靜',''),(52,'水森志壽香',''),(53,'冰青',''),(54,'ひと美',''),(55,'淺川悠',''),(56,'秋元羊介',''),(57,'檜山修之',''),(58,'雨宮侑布',''),(59,'たてかべ和也',''),(60,'田内夏子',''),(61,'千晶まひろ',''),(62,'藤原啟治',''),(63,'生天目仁美',''),(64,'能登麻美子',''),(65,'雪野五月',''),(66,'冰上恭子',''),(67,'小川育惠',''),(68,'真殿光昭',''),(69,'清水愛',''),(70,'中村悠一',''),(71,'神田朱未',''),(72,'桑島法子',''),(73,'野中藍',''),(74,'置鮎龍太郎',''),(75,'井上喜久子',''),(76,'阪口大助',''),(77,'榎本溫子',''),(78,'田村由香里',''),(79,'中博史',''),(80,'皆口裕子',''),(81,'綠川光',''),(82,'青野武',''),(83,'川名真知子',''),(84,'川上倫子',''),(85,'櫻井浩美',''),(86,'田中涼子',''),(87,'成瀨未亞',''),(88,'安田未央',''),(89,'神原由衣',''),(90,'本多陽子',''),(91,'川津泰彥',''),(92,'真田麻美',''),(93,'澤城美雪',''),(94,'野川櫻',''),(95,'桑谷夏子',''),(96,'森永理科',''),(97,'力丸乃梨子',''),(98,'後藤沙緒里',''),(99,'志村由美',''),(100,'櫻井孝宏',''),(101,'小野大輔',''),(102,'川瀨晶子',''),(103,'河原木志穗',''),(104,'津久井教生',''),(105,'卷島直樹',''),(106,'間島淳司',''),(107,'西川幾雄',''),(108,'門脇舞以',''),(109,'山本麻里安',''),(110,'茅原實里',''),(111,'戶松遙',''),(112,'羽多野涉',''),(113,'佐藤利奈',''),(114,'松來未祐',''),(115,'高木禮子',''),(116,'宮下榮治',''),(117,'大須賀純',''),(118,'安元洋貴',''),(119,'豐崎愛生',''),(120,'立木文彥',''),(121,'久川綾',''),(122,'伊藤加奈惠',''),(123,'阿澄佳奈',''),(124,'加藤奈奈繪',''),(125,'村井每早',''),(126,'織田優成',''),(127,'間宮胡桃',''),(128,'千葉紗子',''),(129,'中村知子',''),(130,'阿部敦',''),(131,'矢作紗友里',''),(132,'齋賀觀月',''),(133,'三宅華也',''),(134,'柚木涼香',''),(135,'古山貴實子',''),(136,'吉野裕行',''),(137,'成田紗矢香',''),(138,'岡本信彥',''),(139,'水樹奈奈',''),(140,'今野宏美',''),(141,'夏樹里奧',''),(142,'川庄美雪',''),(143,'明坂聰美',''),(144,'佐藤聰美',''),(145,'南央美',''),(146,'山本圭子',''),(147,'小形滿',''),(148,'石田彰',''),(149,'小林優',''),(150,'井上麻里奈',''),(151,'甲斐田裕子',''),(152,'豐口惠',''),(153,'伊藤美穗',''),(154,'葉月繪理乃',''),(155,'上田耀司',''),(156,'下野紘',''),(157,'花澤香菜',''),(158,'星野貴紀',''),(159,'杮原徹也',''),(160,'早水理紗',''),(166,'興津和幸',''),(165,'大原沙耶香',''),(167,'石川桃子',''),(168,'黑河奈美',''),(169,'西澤廣香',''),(170,'鳴海恵里香',''),(172,'本井英美',''),(173,'小林真紀',''),(174,'前田幸恵',''),(175,'淺井晴美',''),(176,'吉田愛理',''),(177,'壹智村小真',''),(178,'澄田真理亞',''),(179,'柳瀬奈津美',''),(180,'瑞澤溪',''),(181,'豬口有佳',''),(182,'萩原惠美子',''),(183,'友永朱音',''),(184,'加藤雅美',''),(185,'神崎地路',''),(186,'羽月理惠',''),(187,'麻上洋子',''),(188,'荿呂田薫',''),(189,'若本規夫',''),(190,'吉田仁美',''),(191,'岩崎征實',''),(192,'中川謙二',''),(193,'山口由里子',''),(194,'折笠愛',''),(195,'福山潤',''),(196,'朴璐美',''),(197,'保志總一郎',''),(198,'神谷浩史',''),(199,'勝杏里',''),(200,'野島健兒',''),(201,'鳥海浩輔',''),(202,'寺島拓篤',''),(203,'淺沼晉太郎',''),(204,'川田紳司',''),(205,'葉山達也',''),(206,'小野涼子',''),(207,'高梁碧',''),(208,'大原桃子',''),(209,'齋藤彩夏',''),(210,'日笠陽子',''),(211,'壽美菜子',''),(212,'藤東知夏',''),(213,'米澤円',''),(214,'竹達彩奈',''),(215,'日野聰',''),(217,'川澄綾子',''),(218,'井上奈奈子',''),(219,'根谷美智子',''),(220,'勝生真沙子',''),(221,'石松千惠美',''),(222,'平川大輔',''),(223,'小杉十郎太',''),(224,'井口裕香',''),(225,'辻步美',''),(226,'白石涼子',''),(230,'富澤美智惠',''),(241,'岡村明美',''),(242,'新山志保',''),(243,'宮村優子',''),(244,'池田昌子',''),(245,'三宅健太',''),(246,'西村知道',''),(247,'奈良徹',''),(248,'兒玉明日美',''),(249,'恒松步',''),(250,'平松晶子',''),(251,'向井真理子',''),(252,'金田朋子',''),(253,'中島沙樹',''),(254,'篠原惠美',''),(255,'菊池正美',''),(256,'中尾衣里',''),(257,'四宮豪',''),(258,'藤村步',''),(259,'濱田賢二',''),(261,'小西克幸',''),(262,'諏訪部順一',''),(263,'前田敏子',''),(264,'大橋步夕',''),(265,'永田依子',''),(266,'神崎ちろ',''),(267,'又吉愛',''),(269,'山田美穗',''),(270,'七澤心',''),(271,'齋藤桃子',''),(272,'小菅真美',''),(273,'小山剛志',''),(274,'小野坂昌也',''),(275,'中田讓治',''),(276,'德永愛',''),(277,'藤堂真衣',''),(278,'三上枝織',''),(279,'齊藤佑桂',''),(280,'清和祐子',''),(281,'山川琴美',''),(282,'三瓶由布子',''),(283,'白石稔',''),(284,'田坂秀樹',''),(285,'深見梨加',''),(286,'古谷徹',''),(287,'荒木香惠',''),(288,'緒方惠美',''),(289,'川島千代子',''),(290,'潘惠子',''),(291,'高戶靖廣',''),(292,'西原久美子',''),(293,'土井美加',''),(294,'天野由梨',''),(295,'豐嶋真千子',''),(296,'渡邊久美子',''),(297,'萩森侚子',''),(298,'津野田成美',''),(299,'坂本千夏',''),(300,'玉川紗己子',''),(301,'真地勇志',''),(302,'高木早苗',''),(303,'杮沼紫乃',''),(304,'難波圭一',''),(305,'川田妙子',''),(306,'松野太紀',''),(307,'佐藤浩之',''),(308,'遠藤都',''),(309,'島田敏',''),(310,'中井和哉',''),(311,'太田真一郎',''),(312,'淵崎有里子',''),(313,'安西正弘',''),(314,'嶋方淳子',''),(315,'里內信夫',''),(316,'川浪葉子',''),(317,'佐佐木優子',''),(318,'三田友子',''),(319,'上村典子',''),(320,'森功至',''),(321,'曾我部和恭',''),(322,'中西妙子',''),(323,'冬馬由美',''),(324,'丸山詠二',''),(325,'塩澤兼人',''),(326,'高木涉',''),(327,'柏倉つとむ',''),(328,'小山芙美',''),(329,'山崎和佳奈',''),(330,'神谷明',''),(331,'川村萬梨阿',''),(332,'金井美香',''),(333,'鷹森淑乃',''),(334,'渕崎有里子',''),(335,'笠原留美',''),(336,'榊原良子',''),(337,'京田尚子',''),(338,'古川登志夫',''),(339,'堀江美都子',''),(340,'松下節子',''),(341,'鈴鹿千春',''),(342,'大谷育江',''),(343,'名塚佳織',''),(344,'中島愛',''),(345,'東田幹仁',''),(346,'野村道子',''),(347,'內海賢二',''),(348,'近藤隆',''),(349,'本多真梨子',''),(350,'富樫美鈴',''),(351,'堀中優希',''),(352,'山本和臣',''),(354,'高垣彩陽',''),(355,'高本惠',''),(356,'清水彩香',''),(357,'原田瞳',''),(358,'齋藤千和',''),(359,'牧口真幸',''),(360,'前田愛',''),(361,'菊池こころ',''),(362,'悠木碧',''),(363,'日高里菜',''),(364,'水橋香織',''),(365,'宮田幸季',''),(366,'磯村知美',''),(367,'平田真菜',''),(368,'南條愛乃',''),(369,'津田健次郎',''),(370,'大塚明夫',''),(371,'鈴木達央',''),(372,'大山鎬則',''),(373,'乃村健次',''),(374,'甲斐田雪',''),(375,'藤田咲',''),(376,'大塚芳忠',''),(377,'鈴木真仁',''),(378,'今井由香',''),(379,'山口太郎',''),(380,'桃井春子',''),(381,'井上和彥',''),(382,'鈴村健一',''),(383,'森田成一',''),(384,'川原慶久',''),(385,'新垣樽助',''),(386,'大畑伸太郎',''),(387,'加藤將之',''),(388,'渡邊明乃',''),(389,'鈴木菜穗子',''),(390,'石毛佐和',''),(391,'瀧本富士子',''),(392,'こじまかずこ',''),(393,'野上由加奈',''),(394,'笹本優子',''),(395,'小見川千明',''),(396,'五十嵐楓',''),(397,'椎名碧流',''),(398,'下田麻美',''),(399,'寺本來可',''),(400,'安濟知佳',''),(401,'田村睦心',''),(402,'神谷',''),(403,'木村良平',''),(404,'德本英一郎',''),(405,'小林由美子',''),(406,'Michael Rivas',''),(407,'增田裕生',''),(408,'高木俊',''),(409,'齋藤楓子',''),(410,'牧野由依',''),(411,'市來光弘',''),(412,'松浦チエ',''),(413,'東地宏樹',''),(414,'大津田裕美',''),(415,'樫井笙人',''),(416,'片貝薰',''),(417,'早見沙織',''),(418,'井上剛',''),(419,'伊瀨苿莉也',''),(420,'飯島肇',''),(421,'千葉一伸',''),(422,'小倉唯','');
/*!40000 ALTER TABLE `seiyuu` ENABLE KEYS */;
UNLOCK TABLES;

--
-- Table structure for table `title`
--

DROP TABLE IF EXISTS `title`;
/*!40101 SET @saved_cs_client     = @@character_set_client */;
/*!40101 SET character_set_client = utf8 */;
CREATE TABLE `title` (
  `id` int(11) NOT NULL AUTO_INCREMENT,
  `title` varchar(50) NOT NULL,
  `comment` varchar(200) NOT NULL,
  PRIMARY KEY (`id`)
) ENGINE=MyISAM AUTO_INCREMENT=129 DEFAULT CHARSET=utf8;
/*!40101 SET character_set_client = @saved_cs_client */;

--
-- Dumping data for table `title`
--

LOCK TABLES `title` WRITE;
/*!40000 ALTER TABLE `title` DISABLE KEYS */;
INSERT INTO `title` VALUES (1,'真珠美人魚',''),(2,'七色星露',''),(3,'幸運星',''),(5,'涼宮春日的憂鬱',''),(6,'Happiness!',''),(7,'美少女戰士',''),(8,'藍蘭島漂流記',''),(9,'少女愛上姊姊',''),(10,'旋風管家',''),(11,'交響樂之雨',''),(12,'CLANNAD',''),(13,'秋之回憶系列',''),(14,'灼眼的夏娜',''),(15,'君吻Pure Rouge',''),(16,'Myself;Yourself',''),(17,'幸運星(遊戲和廣播劇)',''),(18,'Keroro軍曹',''),(19,'CLAMP學園偵探團',''),(20,'格鬥天王',''),(21,'瀨戶的新娘',''),(22,'初音島系列',''),(23,'十字架與吸血鬼',''),(24,'乃木坂春香的秘密',''),(25,'Fate/stay night',''),(26,'女生愛女生',''),(27,'南家三姊妹',''),(28,'萌少女的戀愛時光',''),(29,'馬鈴薯沙拉',''),(30,'桃華月憚',''),(31,'女子高生',''),(32,'東京貓貓',''),(33,'守護甜心',''),(34,'歡迎加入NHK',''),(35,'舞-HiME',''),(36,'戀愛情結',''),(37,'你是主人我是僕',''),(38,'Kanon',''),(39,'Chobits',''),(40,'庫洛魔法使',''),(41,'夢幻遊戲',''),(42,'xxxHOLiC',''),(43,'月面兔兵器米娜',''),(44,'SHUFFLE!',''),(45,'妹妹公主',''),(46,'藍天下的約定',''),(47,'電車GO!職業編二代',''),(48,'萌單',''),(49,'鐵子之旅',''),(50,'幽遊白書',''),(51,'楚楚可憐超能少女組',''),(52,'我的狐仙女友',''),(53,'魔法美少女',''),(54,'戀愛小魔女',''),(55,'電腦線圈',''),(56,'神風怪盜貞德',''),(57,'學園烏托邦 學美向前衝',''),(58,'灌籃高手',''),(59,'魔法騎士',''),(60,'亂馬1/2',''),(61,'男女蹺蹺板',''),(62,'魔法少女奈葉',''),(63,'櫻桃小丸子(第二代)',''),(64,'瀨戶的新娘(廣播劇)',''),(65,'H2O沙中足跡',''),(66,'舞-乙HiME',''),(67,'戀姬無雙',''),(68,'School Days',''),(69,'薔薇少女',''),(70,'請別憂愁了二之宮同學',''),(71,'發明工坊',''),(72,'櫻桃小丸子',''),(73,'今天的五年二班',''),(74,'Puni Puni Poemi',''),(75,'初音島',''),(76,'虎與龍',''),(77,'青澀寶貝',''),(78,'今天的五年二班(TV版)',''),(79,'夢幻拉拉',''),(80,'瑪莉亞狂熱',''),(81,'神薙',''),(82,'小涼宮春日的憂鬱',''),(83,'出包王女',''),(84,'變身公主',''),(85,'阿貴的家族',''),(86,'寒蟬鳴泣之時',''),(87,'翼',''),(88,'天才麻將少女',''),(90,'K-ON!輕音部',''),(91,'零之使魔',''),(93,'魔力充電娘',''),(94,'GTO麻辣教師',''),(95,'鬼神童子ZENKI',''),(110,'櫻花大戰',''),(111,'肯普法',''),(112,'電車GO!',''),(113,'網球王子',''),(114,'公主戀人',''),(115,'美少女戰士實寫版',''),(116,'哆啦A夢',''),(117,'學生會的一存',''),(118,'輕聲密語',''),(119,'笨蛋測驗召喚獸',''),(120,'現視研',''),(121,'迷糊餐廳',''),(122,'Angel Beats!',''),(123,'不平衡抽籤',''),(124,'不平衡抽籤(二期)',''),(125,'妄想學生會',''),(126,'Puri Puri Poemi',''),(127,'我的妹妹哪有這麼可愛','');
/*!40000 ALTER TABLE `title` ENABLE KEYS */;
UNLOCK TABLES;

--
-- Table structure for table `train`
--

DROP TABLE IF EXISTS `train`;
/*!40101 SET @saved_cs_client     = @@character_set_client */;
/*!40101 SET character_set_client = utf8 */;
CREATE TABLE `train` (
  `id` int(11) NOT NULL AUTO_INCREMENT,
  `date` date NOT NULL,
  `trainno` varchar(20) NOT NULL,
  `stations` varchar(50) NOT NULL,
  `transfer` varchar(50) NOT NULL,
  `carno` varchar(20) NOT NULL,
  `pos` varchar(50) NOT NULL,
  `log` text NOT NULL,
  `last_update` timestamp NOT NULL DEFAULT CURRENT_TIMESTAMP ON UPDATE CURRENT_TIMESTAMP,
  PRIMARY KEY (`id`)
) ENGINE=InnoDB AUTO_INCREMENT=58 DEFAULT CHARSET=utf8;
/*!40101 SET character_set_client = @saved_cs_client */;

--
-- Dumping data for table `train`
--

LOCK TABLES `train` WRITE;
/*!40000 ALTER TABLE `train` DISABLE KEYS */;
INSERT INTO `train` VALUES (1,'2012-12-24','1234','11','22','33','44','11:04:35 åˆ°\r\n11:04:36 é–‹\r\n11:04:36 åˆ°\r\n11:04:36 é–‹\r\n','0000-00-00 00:00:00'),(2,'2012-12-24','22','33','44','55','66','11:05:43 åˆ°\r\n11:05:43 é–‹\r\n11:05:44 åˆ°\r\n11:05:44 é–‹\r\n','0000-00-00 00:00:00'),(3,'2012-12-24','','','','','','11:07:35 到\r\n11:07:36 開\r\n','0000-00-00 00:00:00'),(4,'2012-12-24','','','','','','11:10:12 到\r\n11:10:13 開\r\n11:10:14 到\r\n11:10:14 開\r\n','0000-00-00 00:00:00'),(5,'2012-12-24','','','','','','','0000-00-00 00:00:00'),(6,'2012-12-24','','','','2437','','18:25:00 到 1分50秒\r\n18:25:49 開 49秒\r\n18:27:23 到 1分34秒\r\n18:28:24 開 1分2秒 減速\r\n18:30:34 到 2分11秒 臨停\r\n','0000-00-00 00:00:00'),(7,'2012-12-24','','','','','','18:35:34 到 2分11秒\r\n18:36:19 開 45秒\r\n18:39:37 到 3分18秒\r\n18:40:07 開 31秒\r\n18:41:42 到 1分35秒\r\n18:42:05 開 23秒\r\n18:43:32 到 1分27秒\r\n','0000-00-00 00:00:00'),(8,'0000-00-00','','','','','','','0000-00-00 00:00:00'),(9,'2012-12-25','442','景安 松江南京','','3430','','08:53:35 到 2分25秒\r\n08:54:00 開 25秒\r\n08:55:29 到 1分28秒\r\n08:56:01 開 32秒\r\n08:57:45 到 1分44秒\r\n08:58:23 開 38秒\r\n09:01:38 到 3分15秒\r\n09:02:08 開 30秒\r\n09:04:40 到 2分32秒\r\n09:05:17 開 37秒\r\n09:07:05 到 1分48秒\r\n09:07:40 開 35秒\r\n09:09:11 到 1分31秒\r\n09:09:39 開 28秒\r\n','0000-00-00 00:00:00'),(10,'2012-12-25','404','','','2423','','18:18:51 到 1分1秒\r\n18:19:25 開 34秒\r\n18:20:57 到 1分32秒\r\n18:21:57 開 1分0秒\r\n18:23:43 到 1分46秒\r\n18:24:07 開 24秒\r\n18:27:07 到 2分59秒\r\n18:27:42 開 35秒\r\n18:30:32 到 2分51秒\r\n18:31:00 開 28秒\r\n18:32:35 到 1分35秒\r\n18:33:02 開 27秒\r\n18:34:35 到 1分33秒\r\n18:35:01 開 26秒\r\n','0000-00-00 00:00:00'),(11,'0000-00-00','','','','','','','0000-00-00 00:00:00'),(12,'0000-00-00','','','','','','','0000-00-00 00:00:00'),(13,'2012-12-27','413','','','2410','','08:44:32 到 1分50秒\r\n08:44:57 開 25秒\r\n08:46:31 到 1分33秒\r\n08:47:06 開 35秒\r\n08:48:49 到 1分43秒\r\n08:49:26 開 37秒\r\n08:52:41 到 3分15秒\r\n08:53:16 開 35秒\r\n08:55:47 到 2分31秒\r\n08:56:18 開 31秒\r\n08:58:06 到 1分48秒\r\n08:58:43 開 37秒\r\n09:00:14 開 1分31秒\r\n09:00:39 開 25秒\r\n','0000-00-00 00:00:00'),(14,'2012-12-27','','','','2450','','18:18:50 到 1分27秒\r\n18:19:29 開 39秒\r\n18:21:03 到 1分34秒\r\n18:23:25 到 2分23秒\r\n18:24:16 開 51秒\r\n18:25:37 到 1分21秒\r\n18:26:26 開 49秒\r\n','0000-00-00 00:00:00'),(15,'0000-00-00','','','','','','','0000-00-00 00:00:00'),(16,'2012-12-29','403 2','','','2420 2118','','06:01:28 到 8分18秒\r\n06:01:49 開 21秒\r\n06:03:20 到 1分31秒\r\n06:03:42 開 22秒\r\n06:05:27 到 1分44秒\r\n06:05:53 開 26秒\r\n06:09:08 到 3分15秒\r\n06:09:43 開 35秒\r\n06:12:14 到 2分32秒\r\n06:12:34 開 20秒\r\n06:14:22 到 1分48秒\r\n06:14:49 開 27秒\r\n06:16:16 到 1分27秒\r\n06:16:46 開 29秒\r\n06:18:06 到 1分21秒\r\n06:18:27 開 21秒\r\n','2012-12-28 22:18:33'),(17,'2013-01-06','469 2','','','2446 2146','','10:19:42 到 59秒\r\n10:19:58 開 16秒\r\n10:20:05 開 7秒\r\n10:21:36 到 1分31秒\r\n10:21:59 開 23秒\r\n10:23:44 到 1分44秒\r\n10:24:11 開 27秒\r\n10:27:25 到 3分15秒\r\n10:27:52 開 27秒\r\n10:30:23 到 2分31秒\r\n10:30:49 開 26秒\r\n10:32:37 到 1分49秒\r\n10:33:04 開 27秒\r\n10:35:05 到 2分1秒\r\n10:35:36 開 31秒\r\n10:36:57 到 1分22秒\r\n10:37:21 開 24秒\r\n','2013-01-06 02:37:27'),(18,'2013-01-06','','','','120a 1123 2404','','16:47:59 到 2分34秒\r\n16:48:34 開 35秒\r\n16:50:59 到 2分25秒\r\n16:51:35 開 36秒\r\n16:52:47 到 1分12秒\r\n16:53:28 開 41秒\r\n16:54:57 到 1分29秒\r\n17:00:24 到 5分27秒\r\n17:01:13 開 49秒\r\n17:02:39 到 1分27秒\r\n17:04:26 開 1分47秒\r\n17:06:12 到 1分46秒\r\n17:06:35 開 23秒\r\n17:09:34 到 2分59秒\r\n17:10:09 開 35秒\r\n17:13:01 到 2分52秒\r\n17:13:29 開 28秒\r\n17:15:06 到 1分36秒\r\n17:15:30 開 24秒\r\n17:16:56 到 1分26秒\r\n17:17:20 開 24秒\r\n','2013-01-06 09:17:22'),(19,'2013-01-07','442 蘆','','','3453','','08:53:58 開 9秒\r\n08:55:29 到 1分32秒\r\n08:56:06 開 36秒\r\n08:57:50 到 1分45秒\r\n08:58:30 開 40秒\r\n09:01:45 到 3分15秒\r\n09:02:17 開 32秒\r\n09:04:50 到 2分33秒\r\n09:05:17 開 27秒\r\n09:07:05 到 1分48秒\r\n09:07:43 開 38秒\r\n09:09:14 到 1分30秒\r\n09:09:41 開 27秒\r\n','2013-01-07 01:09:46'),(20,'2013-01-07','','','','2425','','18:27:51 到 15秒\r\n18:28:22 開 31秒\r\n18:29:56 到 1分34秒\r\n18:30:47 開 51秒\r\n18:32:33 到 1分46秒\r\n18:32:56 開 23秒\r\n18:35:56 到 3分0秒\r\n18:36:34 開 38秒\r\n','2013-01-07 10:36:47'),(21,'0000-00-00','','','','','','','2013-01-07 10:36:47'),(22,'2013-01-07','','','','2443','','19:11:54 到 49秒\r\n19:12:36 開 42秒\r\n19:15:36 到 3分0秒\r\n19:16:05 開 29秒\r\n19:17:42 到 1分36秒\r\n19:18:08 開 26秒\r\n19:19:41 到 1分33秒\r\n19:20:09 開 28秒\r\n','2013-01-07 11:20:15'),(23,'2013-01-08','','','','','','','2013-01-08 07:16:09'),(24,'2013-01-08','','','','','','','2013-01-08 07:16:20'),(25,'2013-01-08','','','','','','15:17:37 到 1分1秒\r\n15:17:37 開 1分1秒\r\n15:17:38 到 1秒\r\n15:17:39 開 1秒\r\n15:17:40 到 1秒\r\n15:17:40 開 1秒\r\n','2013-01-08 07:17:45'),(26,'0000-00-00','','','','2435 南','','18:33:59 到 NaN秒\r\n18:34:32 開 34秒\r\n18:36:08 到 1分35秒\r\n18:36:57 開 49秒\r\n18:38:43 到 1分46秒\r\n18:39:08 開 25秒\r\n18:42:09 到 3分1秒\r\n18:42:52 開 43秒\r\n18:45:45 到 2分53秒\r\n18:46:16 開 31秒\r\n18:47:53 到 1分37秒\r\n18:48:21 開 28秒\r\n18:49:49 到 1分28秒\r\n18:50:16 開 27秒\r\n','2013-01-08 10:50:27'),(27,'0000-00-00','','','','','','','2013-01-08 10:50:27'),(28,'0000-00-00','蘆 133投','','','2463 2041','','log restored\r\n08:23:47 到 NaN秒\r\n08:24:08 開 21秒\r\n08:25:38 到 1分29秒\r\n08:26:04 開 27秒\r\n08:27:47 到 1分43秒\r\n08:28:12 開 25秒\r\n08:31:27 到 3分14秒\r\n08:31:54 開 27秒\r\n08:33:12 到 1分18秒\r\n08:33:42 開 30秒\r\n08:35:33 到 1分52秒\r\n08:35:56 開 23秒\r\n08:37:19 到 1分23秒\r\n08:37:40 開 21秒\r\n08:38:48 到 1分8秒\r\n','2013-01-12 00:39:29'),(29,'0000-00-00','1627','','','108','5車14a','log restored\r\n09:18:22 開 NaN秒\r\n09:25:20 到 6分59秒\r\n09:26:49 開 1分29秒\r\n09:38:02 到 11分13秒\r\n09:40:11 開 2分9秒\r\n09:50:18 到 10分7秒\r\n09:52:13 開 1分55秒\r\n10:16:27 到 24分14秒\r\n10:19:18 開 2分51秒\r\n10:41:24 到 22分7秒\r\n10:44:32 開 3分8秒\r\n11:01:56 到 17分23秒\r\n','2013-01-12 03:05:06'),(30,'0000-00-00','1627','','','108','5車14a','log restored\r\n09:18:22 開 NaN秒\r\n09:25:20 到 6分59秒\r\n09:26:49 開 1分29秒\r\n09:38:02 到 11分13秒\r\n09:40:11 開 2分9秒\r\n09:50:18 到 10分7秒\r\n09:52:13 開 1分55秒\r\n10:16:27 到 24分14秒\r\n10:19:18 開 2分51秒\r\n10:41:24 到 22分7秒\r\n10:44:32 開 3分8秒\r\n11:01:56 到 17分23秒\r\nlog restored\r\n','2013-01-12 03:05:15'),(31,'0000-00-00','3726南科','','','Em610','','11:22:09 到 NaN秒\r\n11:22:10 開 1秒\r\n11:30:17 開 8分7秒\r\n11:34:36 到 4分18秒\r\n11:35:07 開 31秒\r\n11:38:51 到 3分45秒\r\n11:39:45 開 54秒\r\n11:44:54 到 5分8秒\r\n11:47:08 開 2分15秒\r\n11:53:15 到 6分7秒\r\n','2013-01-12 03:53:23'),(32,'0000-00-00','','','','','','','2013-01-13 06:12:25'),(33,'0000-00-00','3743沙崙','','','Em613','','14:32:32 到 1599分18秒\r\n14:35:28 開 2分56秒\r\n14:41:15 到 5分47秒\r\n14:42:12 開 57秒\r\n14:47:28 到 5分16秒\r\n14:49:06 開 1分38秒\r\n14:53:16 到 4分11秒\r\n14:54:01 開 45秒\r\n14:58:17 到 4分16秒\r\n','2013-01-13 06:58:31'),(34,'0000-00-00','1710','','','107','5車2a','15:31:49 到 33分32秒\r\n15:33:50 開 2分1秒\r\n15:51:37 到 17分46秒\r\n15:54:34 開 2分57秒\r\n16:16:18 到 21分44秒\r\n16:19:37 開 3分19秒\r\n16:44:17 到 24分40秒\r\n16:46:20 開 2分3秒\r\n16:56:19 到 9分59秒\r\n16:58:36 開 2分17秒\r\n17:09:03 到 10分27秒\r\n17:11:12 開 2分9秒\r\n17:17:49 到 6分37秒\r\n','2013-01-13 09:17:56'),(35,'0000-00-00','台電 南','','','3321 3407','','log restored\r\n17:28:20 到 NaN秒\r\n17:29:28 開 1分9秒\r\n17:30:57 到 1分29秒\r\n17:31:42 開 44秒\r\n17:32:46 到 1分5秒\r\n17:33:19 開 33秒\r\n17:34:45 到 1分26秒\r\n17:35:11 開 26秒\r\n17:36:43 到 1分32秒\r\n17:37:07 開 24秒\r\n17:37:17 開 10秒\r\n17:40:07 到 2分50秒\r\n17:40:36 開 29秒\r\n17:42:13 到 1分37秒\r\n17:42:39 開 26秒\r\n17:44:06 到 1分26秒\r\n17:44:29 開 23秒\r\n','2013-01-13 09:44:35'),(36,'2013-01-30','417','','','2433','','18:30:48 到 NaN秒\r\n18:31:19 開 31秒\r\n18:32:52 到 1分34秒\r\n18:33:37 開 45秒\r\n18:35:23 到 1分46秒\r\n18:36:15 開 52秒\r\n18:39:14 到 2分59秒\r\n18:39:54 開 40秒\r\n18:42:55 到 3分1秒\r\n18:43:23 開 28秒\r\n18:45:02 到 1分39秒\r\n18:45:30 開 27秒\r\n18:46:58 到 1分28秒\r\n18:47:22 開 24秒\r\n18:49:30 到 2分8秒\r\n2\r\n','2013-01-30 10:49:43'),(37,'0000-00-00','','','','','','','2013-01-30 10:49:43'),(38,'2013-01-30','','','','2425輔2','','19:28:15 開 38分46秒\r\n19:29:30 到 1分15秒\r\n19:30:00 開 30秒\r\n','2013-01-30 11:30:05'),(39,'0000-00-00','','','','','','','2013-01-31 10:35:25'),(40,'0000-00-00','','','','','','','2013-01-31 10:35:26'),(41,'2013-02-09','輔','','','2461','','10:54:35 到 NaN秒\r\n10:54:54 開 20秒\r\n10:56:23 到 1分29秒\r\n10:56:46 開 23秒\r\n10:58:31 開 1分44秒\r\n10:58:51 開 20秒\r\n','2013-02-09 02:58:57'),(42,'2013-02-09','401','','','2419','','11:13:01 到 14分10秒\r\n11:13:26 開 25秒\r\n11:15:09 到 1分43秒\r\n11:15:30 開 21秒\r\n11:17:03 到 1分33秒\r\n11:17:25 開 22秒\r\n','2013-02-09 03:17:34'),(43,'2013-02-09','440蘆 114淡','','古','3450 3318','','14:20:35 到 NaN秒\r\n14:20:54 開 20秒\r\n14:22:24 到 1分29秒\r\n14:22:49 開 25秒\r\n14:24:33 到 1分44秒\r\n14:24:55 開 22秒\r\n14:28:09 到 3分14秒\r\n14:28:39 開 30秒\r\n14:30:42 到 2分3秒\r\n14:31:11 開 29秒\r\n14:33:02 到 1分51秒\r\n14:33:24 開 22秒\r\n14:34:48 到 1分24秒\r\n14:35:08 開 20秒\r\n14:36:16 到 1分8秒\r\n14:36:57 開 41秒\r\n','2013-02-09 06:37:00'),(44,'2013-02-09','1711','','','122','','15:18:22 開 NaN秒\r\n15:24:49 到 6分27秒左\r\n15:26:52 開 2分3秒\r\n15:37:49 到 10分57秒\r\n15:39:48 開 1分59秒\r\n15:49:47 到 9分58秒\r\n15:51:48 開 2分1秒\r\n16:16:19 到 24分31秒\r\n16:19:20 開 3分1秒右\r\n16:41:50 到 22分30秒\r\n16:44:33 開 2分43秒\r\n17:01:46 到 17分13秒\r\n','2013-02-09 09:02:02'),(45,'2013-02-09','3756','','','Et614','','17:30:13 開 28分27秒\r\n17:33:46 到 3分33秒\r\n17:34:22 開 36秒\r\n17:37:54 到 3分32秒\r\n17:39:29 開 1分35秒\r\n17:44:32 到 5分3秒\r\n17:46:58 開 2分27秒\r\n17:53:40 到 6分41秒\r\n','2013-02-09 09:53:52'),(46,'2013-02-13','1718','','','129','5車10a','16:31:29 到 NaN秒\r\n16:33:49 開 2分19秒\r\n16:51:31 到 17分42秒\r\n16:54:34 開 3分3秒\r\n17:16:03 到 21分29秒\r\n17:19:34 開 3分31秒\r\n17:44:20 到 24分47秒\r\n17:46:20 開 2分0秒\r\n17:56:27 到 10分8秒\r\n17:58:35 開 2分8秒\r\n18:09:08 到 10分33秒\r\n台中右板橋左18:11:13 開 2分5秒\r\n台北左18:17:54 到 6分40秒\r\n','2013-02-13 10:17:58'),(47,'0000-00-00','','','','','','','2013-02-13 10:18:00'),(48,'2013-02-13','403','','','3021 3411','','18:24:57 開 7分4秒\r\n18:25:58 到 1分2秒\r\n18:26:20 開 22秒\r\n18:27:42 到 1分22秒\r\n18:28:04 開 22秒\r\n18:29:35 到 1分31秒\r\n18:30:03 開 28秒\r\n18:30:35 到 31秒\r\n18:31:06 開 31秒\r\n18:34:05 到 2分59秒\r\n18:34:31 開 26秒\r\n18:36:10 到 1分40秒\r\n18:36:33 開 23秒\r\n18:37:59 到 1分26秒\r\n18:38:24 開 25秒\r\n','2013-02-13 10:38:27'),(49,'0000-00-00','','','','','','','2013-03-02 04:27:28'),(50,'2013-03-02','','','','3424 2325','','12:16:27 開 NaN秒\r\n12:19:42 到 3分15秒\r\n12:22:54 到 3分12秒\r\n12:23:47 開 53秒\r\n12:25:04 到 1分17秒\r\n12:25:33 開 29秒\r\n12:26:49 到 1分15秒\r\n12:27:22 開 33秒\r\n','2013-03-02 04:27:28'),(51,'2013-03-27','','','','2414蘆','','08:04:19 開 NaN秒2月台\r\n08:05:35 到 1分16秒\r\n08:06:04 開 29秒\r\n08:07:33 到 1分29秒\r\n08:08:30 開 57秒\r\n08:10:18 到 1分49秒\r\n08:10:54 開 36秒\r\n08:14:11 到 3分17秒\r\n08:14:55 開 44秒\r\n08:17:27 到 2分32秒\r\n08:17:55 開 28秒\r\n08:19:53 到 1分58秒\r\n08:20:35 開 42秒\r\n08:22:09 到 1分34秒\r\n08:22:41 開 32秒\r\n08:23:56 到 1分15秒\r\n08:24:22 開 26秒\r\n','2013-03-27 00:24:27'),(52,'0000-00-00','','','','','','','2013-03-27 00:24:27'),(53,'2013-03-27','','','','2406','','18:23:05 到 NaN秒\r\n18:23:31 開 26秒\r\n18:24:51 到 1分20秒\r\n18:25:26 開 34秒\r\n18:26:58 到 1分33秒\r\n18:27:54 開 55秒\r\n18:29:38 到 1分44秒\r\n18:30:01 開 23秒\r\n18:33:00 到 2分59秒\r\n18:33:41 開 41秒\r\n18:36:32 到 2分51秒\r\n18:37:01 開 29秒\r\n18:38:37 到 1分36秒\r\n18:39:04 開 26秒\r\n18:41:18 開 2分15秒\r\n2 18:43:26 到 2分7秒\r\n','2013-03-27 10:43:32'),(54,'0000-00-00','','','','','','','2013-03-27 10:43:32'),(55,'2013-03-31','138 407','','','2002 2420','','16:13:36 到 NaN秒\r\n16:13:55 開 19秒\r\n16:15:22 到 1分26秒\r\n16:15:45 開 23秒\r\n16:17:22 到 1分37秒\r\n16:17:56 開 34秒\r\n16:18:56 到 1分0秒\r\n16:19:25 開 29秒\r\n16:22:33 到 3分7秒\r\n16:22:53 開 20秒\r\n16:24:33 到 1分40秒\r\n16:24:52 開 19秒\r\n16:26:22 到 1分30秒\r\n16:26:42 開 20秒\r\n16:29:06 到 2分24秒\r\n1月台','2013-03-31 08:29:26'),(56,'0000-00-00','436蘆222永','','','2460 3152','','log restored\r\n10:09:15 到 NaN秒\r\n10:09:34 開 19秒\r\n10:11:00 到 1分26秒\r\n10:11:22 開 22秒\r\n10:13:02 到 1分39秒\r\n10:13:27 開 25秒\r\n10:16:35 到 3分9秒\r\n10:17:07 開 32秒\r\n10:19:37 到 2分30秒\r\n10:19:57 開 20秒\r\n10:21:45 到 1分47秒\r\n10:22:14 開 29秒\r\n10:25:26 到 3分12秒\r\n10:26:06 開 40秒\r\n10:27:23 到 1分17秒\r\n10:27:44 開 21秒\r\n','2013-04-14 02:27:49'),(57,'0000-00-00','','','','','','','2013-04-14 02:27:50');
/*!40000 ALTER TABLE `train` ENABLE KEYS */;
UNLOCK TABLES;
/*!40103 SET TIME_ZONE=@OLD_TIME_ZONE */;

/*!40101 SET SQL_MODE=@OLD_SQL_MODE */;
/*!40014 SET FOREIGN_KEY_CHECKS=@OLD_FOREIGN_KEY_CHECKS */;
/*!40014 SET UNIQUE_CHECKS=@OLD_UNIQUE_CHECKS */;
/*!40101 SET CHARACTER_SET_CLIENT=@OLD_CHARACTER_SET_CLIENT */;
/*!40101 SET CHARACTER_SET_RESULTS=@OLD_CHARACTER_SET_RESULTS */;
/*!40101 SET COLLATION_CONNECTION=@OLD_COLLATION_CONNECTION */;
/*!40111 SET SQL_NOTES=@OLD_SQL_NOTES */;

-- Dump completed on 2013-04-24 16:54:27
